,OverallQual,GrLivArea,YearBuilt,GarageCars,TotalBsmtSF,1stFlrSF,BsmtFinSF1,LotArea,CentralAir,OverallCond,SalePrice_log
0,7,1710,2003,2,856,856,706,8450,1,5,12.247694320220994
1,6,1262,1976,2,1262,1262,978,9600,1,8,12.109010932687042
2,7,1786,2001,2,920,920,486,11250,1,5,12.31716669303576
3,7,1717,1915,3,756,961,216,9550,1,5,11.84939770159144
4,8,2198,2000,3,1145,1145,655,14260,1,5,12.429216196844383
5,5,1362,1993,2,796,796,732,14115,1,5,11.870599909242044
6,8,1694,2004,2,1686,1694,1369,10084,1,5,12.634603026569334
7,7,2090,1973,2,1107,1107,859,10382,1,6,12.206072645530174
8,7,1774,1931,2,952,1022,0,6120,1,5,11.77452020265869
9,5,1077,1939,1,991,1077,851,7420,1,6,11.678439903447801
10,5,1040,1965,1,1040,1040,906,11200,1,5,11.771436160121729
11,9,2324,2005,3,1175,1182,998,11924,1,5,12.751299696013497
12,5,912,1962,1,912,912,737,12968,1,6,11.877568578558138
13,7,1494,2006,3,1494,1494,0,10652,1,5,12.540757571577291
14,6,1253,1960,1,1253,1253,733,10920,1,5,11.964001084330445
15,7,854,1929,2,832,854,0,6120,1,8,11.790557201568507
16,6,1004,1970,2,1004,1004,578,11241,1,7,11.911701584927597
18,5,1114,2004,2,1114,1114,646,13695,1,5,11.976659481202368
19,5,1339,1958,1,1029,1339,504,7560,1,6,11.842229212112828
20,8,2376,2005,3,1158,1158,0,14215,1,5,12.692503112461443
21,7,1108,1930,1,637,1108,0,7449,1,7,11.845102777308561
23,5,1060,1976,2,1040,1060,840,4224,1,7,11.77452020265869
24,5,1060,1968,1,1060,1060,188,8246,1,8,11.944707881395766
25,8,1600,2007,3,1566,1600,0,14230,1,5,12.454103912352162
26,5,900,1951,2,900,900,234,7200,1,7,11.811547477460344
27,8,1704,2007,3,1704,1704,1218,11478,1,5,12.631340380934517
28,5,1600,1957,1,1484,1600,1277,16321,1,6,12.24288661865289
29,4,520,1927,1,520,520,0,6324,2,6,11.134589024250317
30,4,1317,1920,1,649,649,0,8500,2,4,10.596634733096073
31,5,1228,1966,1,1228,1228,0,8544,1,6,11.914047823644255
32,8,1234,2007,2,1234,1234,0,11049,1,5,12.100156419938624
33,5,1700,1959,2,1398,1700,1018,10552,1,5,12.016726473799254
34,9,1561,2005,2,1561,1561,1153,7313,1,5,12.533576212168626
35,8,2452,2004,3,1117,1132,0,13418,1,5,12.641096555879882
36,5,1097,1994,2,1097,1097,0,10859,1,5,11.884489021402711
37,5,1297,1954,2,1297,1297,1213,8532,1,6,11.938193200374572
38,5,1057,1953,1,1057,1057,731,7922,1,7,11.59910316121128
40,6,1324,1965,2,1088,1324,643,8658,1,5,11.982929094215963
41,5,1328,1959,1,1350,1328,967,16905,1,6,12.043553716032399
42,5,884,1983,2,840,884,747,9180,1,7,11.877568578558138
43,5,938,1975,1,938,938,280,9200,1,6,11.777210959615614
44,5,1150,1959,1,1150,1150,179,7945,1,6,11.856515169360305
45,9,1752,2005,2,1752,1752,456,7658,1,5,12.675763725937609
46,7,2149,2003,2,1434,1518,1351,12822,1,5,12.387085012375499
47,8,1656,2006,3,1656,1656,24,11096,1,5,12.428015476267865
48,4,1452,1920,0,736,736,0,4456,1,5,11.635143097694478
49,5,955,1966,1,955,955,763,7742,1,7,11.751942365440728
50,6,1470,1997,2,794,794,182,13869,1,6,12.083905011555967
51,6,1176,1934,2,816,816,0,6240,1,6,11.648330101976432
52,5,816,1963,2,816,816,104,8472,2,5,11.608235644774552
53,9,1842,1981,3,1842,1842,1810,50271,1,5,12.86099861326992
54,5,1360,1955,2,384,1360,384,7134,1,5,11.77528972943772
55,6,1425,1964,2,1425,1425,490,10175,1,5,12.103486056755072
56,8,1739,1999,2,970,983,649,2645,1,5,12.058152515453552
57,7,1720,2004,2,860,860,0,11645,1,5,12.188417710291453
58,10,2945,2006,3,1410,1426,0,13682,1,5,12.991753427493052
59,5,780,1972,1,780,780,632,7200,1,7,11.73526869611367
60,6,1158,2004,2,1158,1158,941,13072,1,5,11.970350312009105
61,5,1111,1920,1,530,581,0,7200,2,7,11.522875795823397
62,8,1370,2006,2,1370,1370,24,6442,1,5,12.218495165528731
63,7,1710,1921,2,576,902,0,10300,1,6,11.84939770159144
64,7,2034,1997,2,1057,1057,739,9375,1,5,12.299107511497363
65,8,2473,2004,3,1143,1143,0,9591,1,5,12.666657052859417
67,7,1479,2003,2,1453,1479,1013,10665,1,5,12.328290278254423
68,4,747,1945,1,747,747,0,4608,1,6,11.289781913656018
69,7,2287,1953,2,1304,1304,603,15593,1,4,12.323855681186558
71,4,845,1982,2,845,845,565,7599,1,6,11.771436160121729
72,7,1718,1998,2,832,885,0,10141,1,5,12.128111104060462
73,5,1086,1954,2,1086,1086,320,10200,1,7,11.883799128308773
74,3,1605,1915,1,840,840,0,5790,2,6,11.584315461056901
75,4,988,1973,1,462,526,462,1596,1,5,11.418614785498987
76,4,952,1956,1,952,952,228,8475,1,7,11.818570237796182
77,5,1285,1948,1,672,1072,336,8635,1,5,11.751942365440728
79,5,1230,1910,2,440,682,0,10440,1,6,11.608235644774552
80,6,2142,1968,1,896,1182,448,13000,1,6,12.173032791451973
81,6,1337,1998,2,1237,1337,1201,4500,1,5,11.941455846009388
82,8,1563,2007,3,1563,1563,33,10206,1,5,12.409013489526863
83,5,1065,1960,2,1065,1065,0,8892,1,5,11.747997587149712
84,7,1474,1995,2,384,804,0,8530,1,5,12.034691028774553
85,8,2417,1991,2,1288,1301,0,16059,1,5,12.468436909997665
86,6,1560,2005,2,684,684,0,11911,1,5,12.066810578196666
87,6,1224,2009,2,612,612,0,3951,1,5,12.010665849187564
88,3,1526,1915,0,1013,1013,0,8470,2,2,11.350406535472453
89,4,990,1994,0,990,990,588,8070,1,5,11.724805824005728
91,5,1235,1961,2,1235,1235,600,8500,1,3,11.498826540590727
92,5,964,1921,2,876,964,713,13360,1,7,12.004568269319446
93,6,2291,1910,2,1214,1260,1046,7200,2,6,11.804848531679264
94,6,1786,1997,2,824,905,648,9337,1,5,12.229545001715316
95,6,1470,1993,2,680,680,310,9765,1,8,12.128111104060462
96,7,1588,1999,2,1588,1588,1162,10264,1,5,12.273731294003989
97,4,960,1965,1,960,960,520,10921,1,5,11.458997122944673
98,5,835,1920,1,458,835,108,10625,2,5,11.326595886778735
99,4,1225,1959,0,950,1225,569,9320,1,5,11.76718001130949
100,6,1610,1977,2,1610,1610,1200,10603,1,7,12.230765258120545
101,6,1732,1985,2,741,977,0,9206,1,5,12.089538829274222
103,7,1226,2009,3,1226,1226,0,10402,1,5,12.200557464842063
104,7,1818,1931,1,1040,1226,224,7758,1,4,12.040608205802641
105,8,1992,2003,2,1053,1053,0,9375,1,5,12.429216196844383
106,4,1047,1885,1,641,1047,0,10800,1,7,11.512925464970229
107,5,789,1948,1,789,789,104,6000,1,5,11.652687407345388
108,5,1517,1919,0,793,997,0,8500,2,7,11.652687407345388
109,6,1844,1977,2,1844,1844,705,11751,1,6,12.154779351142624
110,6,1855,1954,1,994,1216,444,9525,1,4,11.82700601127654
111,7,1430,2000,2,384,774,250,7750,1,5,12.100712129872347
112,7,2696,2007,3,1264,1282,984,9965,1,5,12.858319703517948
114,6,2320,1945,1,1028,1436,774,7259,1,8,12.46651198158808
115,6,1458,1999,2,729,729,419,3230,1,5,12.078239274020289
116,5,1092,1962,1,1092,1092,170,11616,1,5,11.842229212112828
117,5,1125,2006,2,1125,1125,0,8536,1,5,11.951180395901384
118,7,3222,1990,3,1673,1699,1470,12376,1,5,12.676076274775909
119,6,1456,2005,2,728,728,0,8461,1,5,12.007560729337492
120,6,988,1969,2,938,988,938,21453,1,5,12.100712129872347
121,4,1123,1939,1,732,772,0,6060,1,5,11.512925464970229
122,6,1080,1958,1,1080,1080,570,9464,1,7,11.820410164718188
123,6,1199,1993,2,1199,1199,300,7892,1,5,11.94405831982697
124,6,1586,1979,2,1362,1586,0,17043,1,5,12.106252310247962
125,6,754,1935,0,520,520,490,6780,2,8,11.344506813345266
126,6,958,1976,2,1078,958,120,4928,1,5,11.759785542901755
127,5,840,1930,0,672,840,116,4388,1,7,11.37366339763672
128,6,1348,1966,2,660,660,512,7590,1,5,11.951180395901384
129,5,1053,1958,2,1008,1053,567,8973,1,7,11.918390573078392
130,7,2157,1966,2,924,1216,445,14200,1,6,12.328290278254423
131,6,2054,2000,2,992,1022,695,12224,1,5,12.404923504275338
132,5,1327,1959,2,1063,1327,405,7388,1,6,11.923378114589433
133,8,1296,2001,2,1267,1296,1005,6853,1,5,12.301382825334498
134,5,1721,1968,2,1461,1721,570,10335,1,6,12.100712129872347
135,7,1682,1970,2,1304,1682,0,10400,1,6,12.066810578196666
136,5,1214,1967,1,1214,1214,695,10355,1,5,11.870599909242044
138,8,1852,1999,3,1004,1004,668,9066,1,5,12.345834587905333
139,6,1764,1997,2,928,928,821,15426,1,5,12.352335152508426
140,4,864,1971,0,864,864,432,10500,1,5,11.652687407345388
141,7,1734,2005,2,1734,1734,1300,11645,1,5,12.468436909997665
142,5,1385,1952,2,910,910,507,8520,1,4,12.01974306733868
143,7,1501,1999,2,1490,1501,679,10335,1,5,12.225875272826354
144,5,1728,1963,2,1728,1728,1332,9100,1,5,11.736069016284437
145,6,1709,2004,2,970,970,0,2522,1,5,11.77528972943772
146,5,875,1931,1,715,875,209,6120,1,7,11.56171562913966
147,7,2035,2001,2,884,884,0,9505,1,5,12.312682380588432
148,7,1080,2004,0,1080,1080,680,7500,1,5,11.856515169360305
149,5,1344,1936,1,896,896,0,6240,1,4,11.652687407345388
150,5,969,1975,2,969,969,716,10356,1,6,11.711776323715394
151,8,1710,2007,3,1710,1710,1400,13891,1,5,12.827729194939907
152,6,1993,1971,2,825,1097,416,14803,1,5,12.154779351142624
153,6,1252,1960,2,1602,1252,429,13500,1,7,12.367340793126296
154,6,1200,1923,1,1200,1200,0,11340,1,5,11.736069016284437
155,6,1096,1924,0,572,572,0,9600,2,5,11.27720313144916
157,8,1968,2009,3,774,774,0,12003,1,5,12.504323669331189
158,7,1947,2004,2,991,991,222,12552,1,5,12.448626590364206
159,7,2462,2005,2,1392,1392,57,19378,1,5,12.676076274775909
160,6,1232,1984,2,1232,1232,660,11120,1,6,11.998433280751929
161,9,2668,2003,3,1572,1572,1016,13688,1,5,12.929991484756872
162,7,1541,2005,2,1541,1541,1201,12182,1,5,12.301382825334498
163,4,882,1956,0,882,882,0,5500,1,6,11.544424132029599
164,6,1616,1926,1,1149,1149,370,5400,1,7,11.931635799828413
165,5,1355,1940,0,644,808,351,10106,1,7,11.755871643580617
166,5,1867,1955,1,1617,1867,379,10708,1,5,12.154779351142624
167,8,2161,2007,3,1582,1610,1288,10562,1,5,12.693498620467778
168,7,1720,2004,2,840,840,0,8244,1,5,12.119969946476761
170,5,1382,1941,2,720,854,360,12358,1,6,11.763684183317412
171,6,1656,1960,2,1080,1656,639,31770,1,5,12.2783933071098
172,7,1767,1987,2,1064,1064,495,5306,1,7,12.384218830913648
173,6,1362,1961,2,1362,1362,288,10197,1,5,12.0015054797889
174,6,1651,1986,2,1606,1651,1398,12416,1,5,12.122691036591123
176,6,2060,1988,2,1151,1164,831,10029,1,5,12.259613412458204
177,5,1920,1958,2,1052,1252,57,13650,1,5,12.058152515453552
179,5,968,1923,2,968,968,0,8520,1,6,11.512925464970229
180,6,1525,2000,2,756,769,436,2117,1,5,12.083905011555967
181,7,1802,1920,1,793,901,352,7588,1,6,12.206572520571825
183,7,2082,2003,2,1362,1362,0,11426,1,5,12.206072645530174
184,5,1252,1908,2,504,936,0,7438,1,8,11.751942365440728
185,10,3608,1892,3,1107,1518,0,22950,1,9,13.071070083016778
186,7,1217,1990,2,1188,1217,611,9947,1,5,12.061046873479915
187,5,1656,1916,1,660,808,0,10410,1,7,11.813030057420567
188,5,1224,1979,2,1086,1224,1086,7018,1,5,11.940393392554734
189,8,1593,2001,2,1593,1593,1153,4923,1,5,12.56374708980199
190,8,2727,1932,2,853,1549,297,10570,1,8,12.66032791780777
191,7,1479,1972,2,725,725,626,7472,1,9,12.122691036591123
192,7,1431,1999,2,1431,1431,560,9017,1,5,12.165250651009918
193,7,1709,2004,2,970,970,0,2522,1,5,11.77528972943772
194,5,864,1972,1,864,864,390,7180,1,7,11.751942365440728
195,6,1456,1976,2,855,855,566,2280,1,6,11.908340237224891
196,7,1726,2007,3,1726,1726,1126,9416,1,5,12.650348126203179
197,8,3112,1918,2,1360,1360,1036,25419,1,4,12.367340793126296
198,6,2229,1912,0,755,929,0,5520,1,6,11.55214617812351
199,8,1713,2004,3,1713,1713,1088,9591,1,5,12.524162674153336
200,4,1121,2003,2,1121,1121,0,8546,1,5,11.84939770159144
201,6,1279,1977,2,1196,1279,641,10125,1,6,12.052338545588132
202,6,1310,1924,1,617,865,617,7000,1,6,11.626254150277232
203,6,848,2004,2,848,848,662,4438,1,5,11.911701584927597
204,5,1284,1947,1,720,720,312,3500,1,7,11.608235644774552
205,7,1442,1990,2,1424,1442,0,11851,1,5,12.103486056755072
206,5,1696,1962,1,1140,1696,0,13673,1,5,11.876873892875459
207,4,1100,1960,1,1100,1100,419,12493,1,5,11.856515169360305
208,7,2062,1988,2,1157,1180,1065,14364,1,5,12.531772785169476
209,6,1092,1964,2,1092,1092,787,8250,1,7,11.884489021402711
210,5,864,1925,0,864,864,468,5604,2,6,11.49272275765271
211,6,1212,2009,2,1212,1212,36,10420,1,5,12.133501952695338
212,7,1852,2009,2,900,932,822,8640,1,5,12.439871229831715
213,5,990,1995,2,990,990,716,13568,1,5,11.957611286231675
214,6,1392,1977,1,689,689,378,10900,1,7,11.993807212363148
215,5,1236,1957,1,1070,1236,360,10011,1,6,11.80894766169701
216,7,1436,2004,2,1436,1436,946,8450,1,5,12.254862809699606
217,4,1328,1925,1,686,810,0,9906,2,4,11.580584113444043
218,7,1954,1939,2,798,1137,341,15660,1,9,12.649154617209645
219,7,1248,2005,2,1248,1248,16,3010,1,5,12.0271851854705
220,7,1498,2006,2,1498,1498,0,8990,1,5,12.230277334226992
221,6,2267,2002,2,1010,1010,0,8068,1,5,12.206072645530174
222,6,1552,1975,2,713,811,550,11475,1,6,12.100156419938624
223,4,864,1971,2,864,864,524,10500,1,6,11.48246625748552
225,5,1302,1971,1,630,630,0,1680,1,5,11.626254150277232
226,7,2520,1995,3,1203,1214,565,9950,1,5,12.577636201962656
227,6,987,1970,1,483,483,321,1869,1,6,11.571194373094205
228,5,912,1967,1,912,912,842,8521,1,5,11.736069016284437
229,7,1555,2005,2,1373,1555,16,3182,1,5,12.167851432709975
230,6,1194,1959,1,1194,1194,0,8760,1,6,11.904967552746252
231,8,2794,1995,3,1462,1490,689,15138,1,5,12.90669184092882
232,6,987,1972,1,483,483,0,1680,1,5,11.456355113481834
233,5,894,1976,1,894,894,182,10650,1,6,11.761346823468706
234,6,1960,2002,2,860,860,625,7851,1,5,12.285345826424681
235,6,987,1971,1,483,483,358,1680,1,3,11.401993904262946
236,7,1414,2004,2,1414,1414,24,8773,1,5,12.130810161029627
237,7,1744,1993,2,996,1014,402,9453,1,7,12.178187442040638
239,6,1487,1945,1,735,798,94,8741,1,4,11.635143097694478
240,8,1566,2008,2,1566,1566,1078,9000,1,5,12.478006361013815
241,5,866,1945,0,686,866,329,3880,1,9,11.612770799939945
242,5,1440,1900,1,540,889,0,5000,2,4,11.27720313144916
243,6,1217,1980,1,626,626,0,10762,1,6,11.695247021764184
244,7,2110,1994,2,948,1222,695,8880,1,5,12.230765258120545
245,7,1872,1988,2,1845,1872,929,10400,1,5,12.394624752074764
246,6,1928,1910,1,1020,908,0,9142,2,8,11.827736204810263
247,6,1375,1954,2,1367,1375,0,11310,1,5,11.84939770159144
248,7,1668,2003,2,840,840,0,11317,1,5,12.100712129872347
249,6,2144,1958,2,1444,1444,697,159000,1,7,12.531772785169476
250,3,1306,1940,0,728,1306,0,5350,1,2,11.245046019814627
251,8,1625,2006,2,1573,1625,1573,4750,1,5,12.367340793126296
252,6,1640,2004,2,798,798,0,8366,1,5,12.061046873479915
253,6,1302,1964,1,1302,1302,270,9350,1,7,11.970350312009105
254,5,1314,1957,1,1314,1314,922,8400,1,6,11.884489021402711
255,7,2291,1999,2,975,1005,0,8738,1,5,12.345834587905333
256,6,1728,2003,2,864,864,503,8791,1,5,12.24288661865289
257,7,1604,2006,2,1604,1604,1334,8814,1,5,12.301382825334498
258,7,1792,2001,2,963,963,361,12435,1,5,12.352335152508426
260,6,1382,1962,2,1362,1382,672,19296,1,5,12.078239274020289
261,8,2574,2007,3,1482,1482,0,9588,1,5,12.528156144699286
262,6,1212,1977,2,506,1212,506,8471,1,7,11.925035115797062
263,5,1316,1929,2,926,926,234,5500,1,7,11.77528972943772
264,5,764,1925,2,680,764,0,5232,2,5,11.198214720130528
265,6,1422,1981,2,1422,1422,588,12090,1,6,12.075394321888057
266,6,1511,1997,2,802,802,714,11207,1,5,12.128111104060462
267,5,2192,1939,1,720,1052,378,8400,1,8,12.097930486910471
268,5,778,1940,1,740,778,403,6900,1,6,11.699405031912846
269,6,1113,1976,1,1143,1113,751,7917,1,7,11.904967552746252
270,8,1939,2006,3,1095,1095,0,10728,1,5,12.491251587763836
271,7,1363,1954,2,1385,1363,226,39104,1,7,12.394624752074764
272,8,2270,1999,3,1152,1164,524,11764,1,7,12.577636201962656
273,6,1632,1958,1,1240,1632,620,9600,1,6,11.842229212112828
274,5,816,1982,1,816,816,546,8314,1,7,11.732060994886899
275,7,1548,1925,2,952,952,0,7264,2,7,12.230765258120545
276,7,1560,2003,2,1560,1560,0,9196,1,5,12.211060187041213
277,4,864,1951,2,864,864,120,19138,1,5,11.856515169360305
279,7,2022,1977,2,1160,1156,392,10005,1,5,12.165250651009918
280,7,1982,1989,2,807,1175,421,11287,1,6,12.339291489316397
281,6,1262,2006,2,1262,1262,905,7200,1,5,12.128111104060462
282,7,1314,2007,2,1314,1314,904,5063,1,5,12.24288661865289
283,8,1468,2008,3,1468,1468,0,9612,1,5,12.407379502235209
284,6,1575,1992,2,1575,1575,430,8012,1,5,12.096257779522967
285,7,1250,2006,2,625,625,0,4251,1,5,12.011880916165731
286,6,1734,1962,2,912,1085,600,9786,1,7,11.976659481202368
287,4,858,1971,0,858,858,614,8125,1,4,11.385092093460344
288,5,900,1967,1,882,900,450,9819,1,5,11.711776323715394
289,6,1396,1915,1,698,698,0,8730,1,7,11.941944326032129
290,8,1919,2006,2,1079,1079,0,15611,1,5,12.359780370124389
291,5,1716,1912,0,780,936,210,5687,2,6,11.819674600139235
292,5,1716,1949,1,768,1148,292,11409,1,4,11.782952602183288
293,7,2263,1977,2,795,1468,795,16659,1,7,12.367340793126296
294,6,1644,1953,2,1416,1644,1285,9600,1,5,12.025749091398891
295,6,1003,1984,2,1003,1003,819,7937,1,6,11.867097278690842
296,5,1558,1950,1,910,910,420,13710,1,5,11.931635799828413
297,7,1950,1997,2,975,975,649,7399,1,5,12.384218830913648
298,6,1743,1968,2,702,1041,384,11700,1,6,12.072541252905651
299,6,1152,1950,1,1092,1152,0,14000,1,8,11.973509872299472
300,5,1336,1953,1,1165,1336,841,15750,1,5,11.964001084330445
301,8,2452,1998,2,1028,1210,281,16226,1,5,12.495003937382387
302,7,1541,2001,3,1541,1541,0,13704,1,5,12.230765258120545
303,5,894,1972,2,894,894,894,9800,1,7,11.917723684090689
304,7,3493,1880,3,1470,1675,0,18386,1,9,12.594730635321957
306,7,2243,1990,3,700,1122,700,13474,1,5,12.323855681186558
307,6,1406,1920,0,319,1035,0,7920,1,7,11.401993904262946
308,4,861,1940,2,861,861,262,12342,1,5,11.320553572322773
309,9,1944,2003,3,1896,1944,1274,12378,1,5,12.793859310432293
310,6,1501,1993,2,697,697,518,7685,1,5,12.017330520933296
311,6,972,1948,1,972,972,680,8000,1,6,11.790557201568507
312,5,1118,1939,2,793,793,507,7800,1,7,11.694413341015606
314,7,1641,1925,2,728,832,16,9600,1,7,12.089538829274222
315,7,1432,2004,2,716,716,425,7795,1,5,12.146853285870202
316,7,2353,1980,2,845,1153,692,13005,1,7,12.468436909997665
317,8,1959,2006,3,1088,1088,0,9000,1,5,12.506177237980511
318,7,2646,1993,3,1347,1372,987,9900,1,5,12.468436909997665
319,7,1472,1980,2,1372,1472,1036,14115,1,5,12.141534124392603
320,9,2596,2006,3,1249,1249,0,16259,1,5,12.7444443677961
321,8,2468,2004,3,1136,1136,970,12099,1,5,12.777052192115912
322,7,2730,1986,2,1502,1553,28,10380,1,5,12.614865543731012
323,3,1163,1955,1,1162,1163,256,5820,1,8,11.745425111208464
324,7,2978,1967,2,710,1898,0,11275,1,7,12.396693005138824
325,5,803,1941,2,720,803,116,5000,2,6,11.37366339763672
326,8,1719,1993,2,1719,1719,1619,10846,1,5,12.688498794774466
327,6,1383,1960,1,1383,1383,565,11600,1,5,11.886211674714158
328,6,2134,1916,2,844,1445,0,11888,2,6,12.27606501735021
329,5,1192,1920,1,596,596,0,6402,2,5,11.26446410567173
330,5,1728,1964,1,1728,1728,40,10624,1,4,11.686878772093667
331,5,1056,1958,1,1056,1056,846,8176,1,6,11.842229212112828
333,7,1358,2004,2,1358,1358,720,8198,1,5,12.240474072247506
334,6,1638,1998,2,943,943,828,9042,1,5,12.165250651009918
335,5,1786,1965,2,1499,1619,1249,164660,1,6,12.341258918085241
336,9,1922,2005,3,1922,1922,1249,14157,1,5,12.841129801965447
337,7,1536,2002,2,1536,1536,810,9135,1,5,12.273731294003989
338,7,1621,1984,2,1208,1621,213,14145,1,7,12.218495165528731
339,6,1215,1958,1,1215,1215,585,12400,1,7,11.951180395901384
340,8,1908,2002,2,967,993,0,14191,1,5,12.220468525813907
341,4,841,1950,1,721,841,0,8400,1,4,11.314474526246391
343,9,1684,2005,2,1684,1684,28,8849,1,5,12.491251587763836
344,5,1112,1976,1,536,536,129,2592,1,3,11.350406535472453
345,6,1577,1939,1,972,972,0,6435,1,5,11.850825253582627
346,6,958,1960,1,958,958,498,12772,1,8,11.928340903931561
347,6,1478,1960,2,1478,1478,1270,17600,1,5,11.967180737247824
348,7,1626,2003,2,764,764,573,2448,1,5,11.944707881395766
349,9,2728,2005,3,1848,1848,1410,20431,1,5,12.988040814744458
351,7,1453,1986,2,1453,1453,1082,5271,1,5,12.154779351142624
352,5,1111,1941,1,616,616,236,9084,2,6,11.461632170582678
353,6,720,1928,2,624,720,0,8520,1,8,11.570250531589497
354,6,1595,1940,1,940,1192,388,8400,1,5,11.84939770159144
355,6,1200,1995,2,1200,1200,334,11249,1,5,12.086725887897607
356,6,1167,1992,2,1158,1167,560,9248,1,6,12.061046873479915
357,5,1142,1976,2,1142,1142,874,4224,1,5,11.805595078933049
358,5,1352,1958,1,1062,1352,300,6930,1,4,11.77528972943772
359,8,1924,1998,2,1086,1086,956,12011,1,5,12.542544882151386
360,6,912,1978,2,888,912,773,7540,1,6,11.957611286231675
361,5,1505,1940,1,883,988,399,9144,1,5,11.884489021402711
363,6,987,1972,1,483,483,162,1680,1,8,11.678439903447801
364,6,1574,1976,2,796,790,712,18800,1,5,12.154779351142624
365,5,1344,1920,1,672,672,456,10690,1,7,11.898187865760873
366,6,1394,1963,2,1394,1394,609,9500,1,5,11.976659481202368
367,6,1431,1962,1,1099,1431,371,9150,1,5,12.013700752882718
368,5,1268,1954,1,1268,1268,540,7800,1,6,11.790557201568507
369,5,1287,1959,2,1063,1287,72,9830,1,7,11.99535161421452
370,6,1664,2000,2,953,953,0,8121,1,5,12.05757263721173
372,6,752,1984,1,744,752,623,7175,1,5,11.736069016284437
373,5,1319,1953,1,608,1319,428,10634,1,6,11.719939634354555
374,7,1928,2003,2,847,847,0,8200,1,5,12.299107511497363
375,1,904,1922,0,683,904,350,10020,2,1,11.018629143155449
376,5,914,1996,2,870,914,298,8846,1,5,11.904967552746252
377,8,2466,2004,2,1580,1580,0,11143,1,5,12.736700896592344
378,9,1856,2010,3,1856,1856,1445,11394,1,2,12.885202034321916
379,6,1800,2000,2,982,1007,0,8123,1,5,12.095141084822892
380,5,1691,1924,1,1026,1026,218,5000,1,6,11.751942365440728
381,7,1301,2006,2,1293,1301,0,7200,1,5,12.142866569626381
382,7,1797,2006,2,939,939,0,9245,1,5,12.271392111650817
383,6,784,1928,2,784,784,0,9000,2,3,11.238488619268468
384,6,1953,1992,2,1580,1079,985,53107,1,5,12.388394202324129
385,8,1269,2004,2,1256,1269,24,3182,1,5,12.165250651009918
386,5,1184,1910,0,658,658,0,8410,1,3,11.302204433654575
387,6,1125,1976,1,1041,1125,631,7200,1,6,11.736069016284437
388,7,1479,1999,2,1468,1479,0,9382,1,5,12.160028707028767
389,10,2332,2007,3,1682,1742,1280,12474,1,5,12.962194625251508
390,5,1367,1900,1,861,961,241,8405,1,8,11.686878772093667
391,6,1961,2001,2,804,804,690,12209,1,5,12.2783933071098
393,4,788,1941,0,788,788,266,7446,1,5,11.512925464970229
394,5,1034,1940,1,735,735,0,10134,1,6,11.59910316121128
395,5,1144,1956,1,1144,1144,739,9571,1,6,11.76756768334381
396,5,894,1972,2,894,894,777,7200,1,5,11.719939634354555
397,5,1812,1962,1,864,876,540,7590,1,5,12.040608205802641
398,5,1077,1920,1,961,1077,0,8967,1,2,11.112447898373103
399,7,1550,2006,2,1092,1112,812,8125,1,5,12.392552212472792
400,8,1288,1996,2,1260,1288,786,14963,1,5,12.411052226216713
401,7,1310,2005,2,1310,1310,24,8767,1,5,12.01364014498549
402,5,672,1940,1,672,672,0,10200,1,8,11.589886506106357
403,8,2263,1998,2,1141,1165,0,12090,1,5,12.460714863903755
404,6,1572,1995,2,806,806,0,10364,1,5,12.031719258385396
405,4,1620,1976,2,1281,1620,1116,9991,1,4,11.918390573078392
406,6,1639,1936,1,1064,1166,0,10480,1,5,11.652687407345388
407,6,1680,1915,1,840,840,0,15576,1,7,12.083905011555967
408,7,2172,2006,3,1063,1071,0,14154,1,5,12.542544882151386
409,8,2078,2007,3,1034,1050,789,10800,1,5,12.73596533201339
410,5,1276,1958,1,1276,1276,0,9571,1,3,11.002099841204238
411,5,1056,1955,2,1056,1056,1056,34650,2,5,11.884489021402711
412,7,1478,2009,2,1470,1478,578,4403,1,5,12.310432660854417
413,5,1028,1927,2,1008,1028,0,8960,1,6,11.652687407345388
414,7,2097,1993,3,1080,1080,50,11228,1,5,12.337100907936577
415,7,1340,2007,2,1340,1340,24,8899,1,5,12.106992367829498
416,6,1400,1978,2,672,672,209,7844,1,7,11.915051671812877
417,6,2624,1918,3,1370,1370,1128,22420,2,6,12.384218830913648
418,5,1134,1940,1,756,756,312,8160,2,6,11.744037185933616
419,5,1056,1968,1,1056,1056,775,8450,1,6,11.863582336583399
420,7,1344,1997,4,1344,1344,1309,7060,1,5,12.237086699059343
421,6,1602,1977,2,1602,1602,1246,16635,1,7,12.2783933071098
422,5,988,1954,2,988,988,0,21750,1,5,11.635143097694478
423,8,2630,1998,3,1470,1470,986,9200,1,5,12.66032791780777
424,6,1196,1956,1,1196,1196,616,9000,1,5,11.842229212112828
425,7,1389,1946,1,651,707,0,3378,1,8,11.813030057420567
426,7,1644,1989,2,1518,1644,1518,12800,1,5,12.524526376648708
427,4,907,1957,1,907,907,288,8593,1,6,11.59917655301345
428,7,1208,2007,2,1208,1208,664,6762,1,5,12.182804018590819
429,6,1412,1988,2,1392,1412,1005,11457,1,5,12.072541252905651
430,6,987,1971,1,483,483,387,1680,1,5,11.355101379776661
431,6,1198,1920,0,901,1088,0,5586,1,7,11.288531131754366
432,5,1365,1971,2,765,765,471,1920,1,5,11.715866308966918
433,6,1604,1997,2,926,926,0,10839,1,5,12.106252310247962
434,4,630,1972,0,630,630,495,1890,1,7,11.302204433654575
435,7,1661,1996,2,799,827,385,10667,1,6,12.26434155365415
436,6,1118,1920,2,648,734,0,4400,1,8,11.661345470088502
437,6,904,1926,1,884,904,0,6000,1,7,11.686878772093667
438,5,694,1913,1,440,694,365,4280,2,6,11.411446296020374
439,6,1196,1920,2,684,684,0,12354,1,8,11.608235644774552
441,4,1440,1955,0,1440,1440,133,12108,2,4,11.678439903447801
442,5,1573,1930,2,1078,1128,0,6240,1,7,12.000891794590137
443,7,1258,2006,3,1258,1258,0,3922,1,5,12.058152515453552
444,7,1908,1994,2,915,933,642,8750,1,5,12.254862809699606
445,6,1689,1956,2,1436,1689,0,9855,1,5,11.755871643580617
446,6,1888,1966,2,1517,1888,247,16492,1,6,12.154779351142624
447,7,1886,1998,2,930,956,0,11214,1,5,12.205572520488492
448,6,1376,1937,1,780,780,0,8600,1,6,11.691071650353702
449,3,1183,1948,1,649,679,331,6000,1,7,11.695247021764184
450,6,813,1930,1,813,813,0,5684,1,8,11.608235644774552
451,7,1533,1975,2,1533,1533,655,70761,1,5,12.542544882151386
452,6,1756,1996,2,872,888,742,9303,1,5,12.225875272826354
453,8,1590,2008,2,768,786,0,9000,1,5,12.254862809699606
454,5,1728,1976,2,1728,1728,1606,9297,1,5,12.144197241812087
455,7,1242,1973,2,1242,1242,916,9600,1,6,12.075394321888057
456,5,1344,1916,3,624,624,0,4571,2,5,11.49272275765271
457,4,1663,1954,2,1364,1663,1116,53227,1,6,12.4529327234617
458,8,1666,1925,1,588,833,0,5100,1,7,11.9891596439666
459,5,1203,1950,1,709,979,185,7015,1,4,11.608235644774552
460,8,1935,2009,2,832,832,544,8004,1,5,12.481561937216318
461,7,1135,1936,2,560,575,350,7200,1,9,11.951180395901384
462,5,864,1965,1,864,864,553,8281,1,5,11.041048081342682
463,6,1660,1934,1,715,849,326,11988,1,7,12.147913731356642
464,5,1040,1978,0,1040,1040,616,8430,1,5,11.728036844587175
465,7,1414,2004,2,1375,1414,0,3072,1,5,12.093687514935382
466,7,1277,1970,2,1277,1277,778,10628,1,5,12.025749091398891
467,5,1644,1942,1,728,888,386,9480,1,7,11.894780707439258
468,8,1634,2006,3,1626,1634,0,11428,1,5,12.429216196844383
469,6,1710,1993,2,832,832,426,9291,1,5,12.138863895836725
470,8,1502,1985,2,1488,1502,368,6820,1,5,12.26434155365415
471,7,1969,1977,2,808,1161,0,11952,1,6,12.154779351142624
472,6,1072,2005,2,547,1072,459,3675,1,5,11.904967552746252
473,8,1976,2006,3,1976,1976,1350,14977,1,5,12.994530005894443
474,8,1652,2000,2,1494,1652,1196,5330,1,5,12.43320821811392
475,5,970,1963,2,970,970,630,8480,1,6,11.794337924408413
476,6,1493,1997,2,1478,1493,994,13125,1,5,12.249610947544657
478,8,1718,2007,3,1705,1718,1288,10637,1,5,12.601487417784837
479,4,1131,1937,2,907,1131,168,5925,1,7,11.401669829409995
480,9,1850,2004,3,1833,1850,1261,16033,1,5,12.694652660348845
481,9,1792,2003,3,1792,1792,1567,11846,1,5,12.832011076396668
482,7,1826,1915,1,910,916,299,2500,1,8,11.951180395901384
483,6,1216,1998,2,1216,1216,897,4500,1,5,12.007621706806335
484,5,999,1962,1,999,999,588,7758,1,7,11.794337924408413
485,5,1113,1950,1,1113,1113,607,9600,1,7,11.898187865760873
486,5,1073,1965,2,1073,1073,836,10289,1,7,11.957611286231675
487,5,1484,1971,2,1484,1484,998,12243,1,6,12.072541252905651
488,5,2414,1900,2,954,1766,664,10800,2,4,11.982929094215963
489,4,630,1970,1,630,630,515,1526,1,8,11.362102575235644
490,5,1304,1976,1,264,616,0,2665,1,6,11.652687407345388
491,6,1578,1941,1,806,958,403,9490,1,7,11.79810440720389
492,6,1456,2006,2,728,728,0,15578,1,5,12.059803326028716
493,5,1269,1960,1,1269,1269,374,7931,1,6,11.951180395901384
494,5,886,1938,1,190,886,0,5784,1,8,11.421906066583059
495,4,720,1920,0,720,720,495,7879,2,5,10.460242108190519
497,7,1820,1925,1,1026,1133,329,9120,1,6,12.122691036591123
498,5,899,1967,1,864,899,450,7800,1,7,11.77528972943772
499,5,912,1958,1,912,912,111,7535,1,7,11.695247021764184
500,6,1218,1973,1,672,672,356,1890,1,5,11.635143097694478
501,7,1768,2005,2,866,866,400,9803,1,5,12.33138283649562
502,5,1214,1965,2,1214,1214,698,9170,1,7,11.84939770159144
503,7,1801,1959,2,1501,1801,1247,15602,1,8,12.57418196709457
504,6,1322,1974,2,855,855,257,2308,1,5,11.898187865760873
505,5,1960,1952,2,960,960,0,7596,1,5,11.732060994886899
506,8,1911,1993,2,777,1065,380,9554,1,5,12.2783933071098
507,6,1218,2009,2,1218,1218,27,7862,1,5,12.246734627249063
508,7,1378,1928,2,689,689,141,9600,1,9,11.9891596439666
509,5,1041,1959,1,1041,1041,991,9600,1,6,11.732060994886899
510,5,1363,1951,1,1008,1363,650,14559,1,7,12.01309450854769
511,7,1368,2005,2,1368,1368,0,6792,1,5,12.219309648562168
512,5,864,1958,2,864,864,521,9100,1,5,11.77452020265869
513,6,1080,1983,2,1084,1080,336,9187,1,5,11.805595078933049
514,5,789,1926,1,768,789,0,10594,2,5,11.477298287327077
516,6,2119,1972,2,689,1378,0,10448,1,6,11.970350312009105
517,7,2344,1996,3,1264,1277,0,10208,1,5,12.487485104968359
518,6,1796,1998,2,794,882,706,9531,1,5,12.259613412458204
519,7,2080,1926,1,1276,1276,0,10918,1,9,12.363076394339839
521,6,1244,1957,1,1244,1244,777,11988,1,6,11.918390573078392
522,6,1664,1947,2,1004,1004,399,5000,1,7,11.976659481202368
524,7,2398,1996,3,1379,1383,719,11787,1,5,12.662706040212738
525,7,1266,2005,2,1257,1266,0,7500,1,5,12.078239274020289
526,5,928,1956,1,928,928,377,13300,1,7,11.790557201568507
527,9,2713,2008,3,1452,1476,1330,14948,1,5,13.008659261632127
528,4,605,1920,0,528,605,348,9098,1,7,11.362102575235644
530,6,1509,1988,2,1461,1509,783,10200,1,5,12.072541252905651
531,6,1362,1920,2,611,751,0,6155,1,8,11.759785542901755
534,8,1414,2004,2,707,707,0,9056,1,5,12.089538829274222
535,5,1347,1910,0,1117,820,969,7000,1,7,11.585246126549855
536,7,1724,1998,2,880,880,0,8924,1,5,12.144197241812087
537,4,864,1972,2,864,864,600,12735,1,5,11.619535200028487
538,5,1159,1968,1,1051,1159,673,11553,1,5,11.970350312009105
539,8,1601,2001,2,1581,1601,1358,11423,1,5,12.513557345278134
540,9,1838,2006,3,1838,1838,1260,14601,1,5,12.66032791780777
541,8,2285,2000,3,969,997,0,11000,1,5,12.421184025147118
542,7,1680,1998,2,1650,1680,144,10140,1,5,12.270220465353926
543,7,767,1998,1,723,767,584,4058,1,5,11.79810440720389
544,7,1496,2006,2,654,664,554,17104,1,5,12.09884928474215
545,7,2183,1988,3,1204,1377,1002,13837,1,5,12.341477282536376
546,6,1635,1923,2,1065,915,300,8737,1,7,12.254862809699606
547,5,768,1970,2,768,768,619,7244,1,7,11.771436160121729
548,5,825,1955,2,825,825,180,8235,1,7,11.736069016284437
549,7,2094,2003,2,912,912,0,9375,1,5,12.479909311159902
550,6,1069,1977,2,1069,1069,559,4043,1,6,11.84939770159144
551,5,928,1957,1,928,928,308,6000,1,6,11.630708500626612
554,7,2046,2003,3,998,1006,866,10625,1,5,12.556729517143344
555,5,1048,1922,1,993,1048,0,6380,1,6,11.635143097694478
556,5,1092,1957,1,1092,1092,895,14850,1,5,11.856515169360305
557,4,1336,1920,1,637,897,637,11040,1,6,11.589886506106357
558,7,1446,1996,2,729,729,604,21872,1,5,12.072541252905651
559,7,1557,2003,2,1374,1557,0,3196,1,5,12.363076394339839
560,5,1392,1957,2,1392,1392,1302,11341,1,6,11.70766954176274
561,5,1389,1974,2,1389,1389,1071,10010,1,5,12.043553716032399
562,5,996,1940,0,996,996,290,13907,1,6,11.589886506106357
563,6,1674,1918,2,1163,1163,0,21780,1,7,12.128111104060462
564,7,2295,1992,2,1095,1166,728,13346,1,5,12.498742259492994
565,6,1647,1915,1,806,841,0,6858,2,4,11.759785542901755
566,9,2504,2005,3,1122,1134,0,11198,1,5,12.691580461311874
567,7,1535,2004,2,1517,1535,2,10171,1,5,12.273731294003989
568,8,2132,1983,2,1496,1496,1441,12327,1,8,12.66539442642905
569,5,943,1979,2,943,943,943,7032,1,5,11.820116003810051
570,5,1728,1965,2,1728,1728,231,13101,1,5,11.867798786962332
571,6,864,1959,1,864,864,414,7332,1,6,11.695247021764184
572,7,1692,2009,2,846,846,0,13159,1,5,12.321630986164447
573,7,1430,2000,2,384,774,0,9967,1,5,12.043553716032399
574,5,1109,1971,1,372,576,349,10500,1,7,11.842229212112828
575,5,1216,1947,1,832,832,442,8480,1,5,11.682668239557323
576,7,1477,1928,1,861,877,0,6292,1,7,11.884489021402711
577,5,1320,1966,2,1164,1320,328,11777,1,6,12.010665849187564
578,7,1392,2007,2,689,703,0,3604,1,5,11.891361900690473
579,5,1795,1954,1,1050,1050,0,12150,2,5,11.786762130599957
580,6,1429,1960,2,1144,1429,594,14585,1,6,12.111212364506214
582,6,816,1990,0,816,816,816,11841,1,5,11.682668239557323
583,10,2775,1893,2,1237,1521,0,13500,1,9,12.691580461311874
584,4,1573,1935,1,884,989,0,6120,1,7,11.79810440720389
585,8,2028,2005,3,1868,2028,1460,11443,1,5,12.820987977820545
586,6,838,1918,1,816,838,210,10267,1,7,11.77528972943772
587,5,860,1982,2,840,860,672,8740,1,6,11.827736204810263
588,5,1473,1968,1,1437,1473,1324,25095,1,8,11.870599909242044
589,5,935,1930,1,742,779,0,9100,1,6,11.283512300642423
590,7,1582,2004,2,770,770,490,8320,1,5,12.132964173709535
591,10,2296,2008,3,1722,1728,1338,13478,1,5,13.021326833226556
592,5,816,1982,2,816,816,816,6600,1,8,11.835008964139341
593,6,848,2003,2,848,848,685,4435,1,5,11.84939770159144
594,5,924,1975,1,924,924,0,7990,1,6,11.608235644774552
595,8,1826,2005,3,1814,1826,1422,11302,1,5,12.672946381766982
596,6,1368,1910,1,684,684,0,3600,2,7,11.648365035864053
597,7,1402,2006,3,1258,1402,0,3922,1,5,12.17664898415669
598,5,1647,1977,2,1430,1647,1283,12984,1,6,12.289954129510877
599,6,1556,1980,2,716,716,81,1950,1,6,11.925035115797062
600,8,1904,2005,2,1058,1058,546,10927,1,5,12.524526376648708
601,6,1375,1937,1,780,780,0,9000,1,6,11.856515169360305
602,8,1915,1992,2,908,927,789,10041,1,5,12.301382825334498
603,7,1200,2004,2,600,600,0,3182,1,5,11.925035115797062
604,7,1494,2002,2,1494,1494,922,12803,1,5,12.30591798049989
605,7,1986,1965,2,768,1186,454,13600,1,6,12.230765258120545
606,5,1040,1996,2,1040,1040,732,12464,1,5,11.931635799828413
607,5,2008,1948,1,896,1112,603,7800,1,8,12.323855681186558
608,8,3194,1934,2,965,1940,428,12168,1,6,12.791356180214175
609,4,1029,1961,1,1029,1029,903,7943,1,5,11.682668239557323
610,9,2153,2000,3,1440,1476,904,11050,1,5,12.65395846952229
611,6,1032,1978,2,1032,1032,605,10395,1,6,11.904967552746252
612,8,1872,2001,2,1299,1299,990,11885,1,5,12.474189562487116
613,5,1120,2007,0,1120,1120,206,8402,1,5,11.898187865760873
614,4,630,1972,0,630,630,150,1491,1,6,11.231887935237117
615,6,1054,1963,2,936,1054,763,8800,1,7,11.831379196088763
616,6,1509,2002,2,783,807,457,7861,1,5,12.118333731222167
617,6,832,1954,2,832,832,0,7227,1,6,11.566466231898259
619,8,2262,2003,3,1482,1482,871,12244,1,5,12.628067055589549
620,3,864,1914,0,864,864,41,8248,2,3,11.112447898373103
621,6,2614,1974,2,1522,1548,956,10800,1,7,12.388394202324129
622,5,980,1977,2,980,980,560,7064,1,6,11.813030057420567
623,6,1512,2000,2,756,756,420,2117,1,5,12.034691028774553
624,6,1790,1972,2,732,1012,247,10400,1,5,12.014609430818936
625,6,1116,1962,2,1116,1116,0,10000,1,6,11.982929094215963
626,5,1422,1960,1,978,1422,0,12342,1,5,11.848683160653573
627,6,1520,1955,1,1156,1520,674,9600,1,6,11.938193200374572
628,5,2080,1969,2,1040,1040,650,11606,1,5,11.813030057420567
629,6,1350,1964,2,1248,1350,624,9020,1,5,12.034691028774553
630,5,1750,1880,1,636,1089,0,9000,1,6,11.728036844587175
631,8,1554,2006,2,1554,1554,24,4590,1,5,12.25247901834433
632,7,1411,1977,2,1386,1411,822,11900,1,5,11.320553572322773
633,5,1056,1954,1,1056,1056,480,9250,1,7,11.845102777308561
634,6,1056,1980,2,1056,1056,1056,6979,1,5,11.877568578558138
635,6,3395,1914,0,1440,1440,256,10896,1,7,12.206072645530174
636,2,800,1936,0,264,800,0,6120,2,3,11.002099841204238
637,5,1387,1954,1,811,811,0,6000,1,4,11.440354772135393
638,5,796,1910,0,796,796,0,8777,1,7,11.350406535472453
639,8,1567,2006,3,1520,1567,1154,3982,1,5,12.485827127509431
640,8,1518,2003,2,1518,1518,1218,12677,1,5,12.520883385370206
641,7,1929,2001,2,1057,1057,738,7050,1,5,12.328290278254423
642,8,2704,1972,2,1952,2000,1410,13860,1,7,12.751299696013497
643,5,1620,1969,2,780,780,493,10793,1,5,11.931635799828413
644,9,1766,2009,3,1766,1766,1121,9187,1,5,12.823628446539173
645,6,981,1971,2,981,981,282,10530,1,5,11.872346634576987
647,6,1094,1953,2,1094,1094,500,10452,1,5,11.951180395901384
648,6,1839,1966,2,756,1051,0,7700,1,5,11.951180395901384
649,4,630,1970,0,630,630,131,1936,1,6,11.344506813345266
650,7,1665,2007,2,813,822,0,8125,1,6,12.235388699864227
651,4,1510,1940,1,755,755,0,9084,1,5,11.589886506106357
652,7,1716,1996,2,880,909,0,8750,1,5,12.160028707028767
653,6,1469,1906,1,756,756,0,10320,1,7,11.813030057420567
655,6,1092,1971,1,525,525,0,1680,1,5,11.385092093460344
656,5,1053,1959,1,1053,1053,806,10007,1,7,11.887931365593685
657,7,1502,1931,1,776,851,0,7200,1,6,11.911701584927597
658,6,1458,1948,1,912,912,0,17503,1,5,11.487607656985938
659,5,1486,1964,2,1486,1486,637,9937,1,7,12.025749091398891
660,7,1935,1976,2,793,1142,0,12384,1,7,12.195517131590657
661,8,2448,1994,3,1629,1686,1361,46589,1,7,12.904207367601158
662,6,1392,1968,2,1392,1392,0,13560,1,3,11.608235644774552
663,4,1181,1972,2,1138,1181,920,10012,1,5,11.831379196088763
665,8,1936,2000,2,1406,1454,0,11194,1,5,12.348006141418841
666,6,2380,1965,2,1021,1465,187,18450,1,5,11.76756768334381
667,6,1679,1994,2,1408,1679,1138,8125,1,5,12.173032791451973
668,5,1437,1956,2,1188,1437,988,14175,1,6,12.031719258385396
669,4,1180,1922,1,700,1180,0,11600,1,5,11.831379196088763
670,6,1476,2005,2,738,738,193,8633,1,5,12.063932878369052
671,6,1369,1925,1,672,697,551,6629,2,6,11.54829260880752
672,6,1208,1977,2,1208,1208,767,11250,1,6,12.013700752882718
673,6,1839,1957,2,1477,1839,1186,14442,1,7,12.458774999085929
674,6,1136,1965,1,1136,1136,892,9200,1,6,11.84939770159144
675,6,1441,1978,2,855,855,311,2289,1,6,11.908340237224891
676,4,1774,1900,3,1095,1095,0,9600,2,2,11.37366339763672
677,5,792,1924,1,768,792,0,9022,1,8,11.603679828238693
679,5,988,1961,2,988,988,827,9945,1,5,11.763684183317412
680,6,923,1980,1,923,923,543,8012,1,5,11.870599909242044
681,5,1520,1932,1,793,848,182,4500,1,5,11.979385322467598
682,6,1291,1996,2,1291,1291,1003,2887,1,5,12.061046873479915
683,9,1668,2002,3,1626,1668,1059,11248,1,5,12.560244459250788
684,7,1839,1998,2,1195,1195,0,16770,1,5,12.30591798049989
685,7,2090,1984,2,1190,1190,828,5062,1,5,12.24288661865289
686,7,1761,2007,2,874,874,0,10207,1,6,12.336552511980964
687,7,1102,2004,2,551,551,239,5105,1,5,11.910358401381128
688,8,1419,2007,2,1419,1419,945,8089,1,6,12.8790171187726
689,6,1362,2005,2,1362,1362,20,7577,1,5,12.17921519136029
690,6,848,2004,2,848,848,697,4426,1,5,11.856515169360305
692,7,2519,1989,2,1210,1238,965,26178,1,5,12.721885810807203
693,5,1073,1921,1,1073,1073,0,5400,1,6,11.594321103174222
694,5,1539,1936,2,927,1067,0,6120,1,6,11.86005499606543
695,6,1137,1987,2,1112,1137,980,13811,1,6,12.078239274020289
696,5,616,1921,1,616,616,616,6000,1,7,11.396391648714276
697,5,1148,1952,1,980,1148,210,6420,1,7,11.72399643505017
698,5,894,1965,1,894,894,553,8450,1,8,11.83862560460953
699,7,1391,2004,2,1391,1391,16,4282,1,5,12.185869938212655
700,8,1800,2002,3,1800,1800,1274,14331,1,5,12.652359748158593
701,7,1164,1969,2,1164,1164,0,9600,1,5,11.84939770159144
702,8,2576,2006,3,1234,1264,0,12438,1,5,12.799175708864519
703,5,1812,1900,2,360,1032,0,7630,1,9,11.84939770159144
704,7,1484,2004,2,1473,1484,712,8400,1,5,12.269047444691562
706,7,1824,1971,2,1643,1824,1219,115149,1,5,12.618182296357007
707,8,1324,2006,2,1324,1324,863,6240,1,5,12.445089546000673
708,7,1456,2007,2,728,728,0,9018,1,5,12.09815330331068
709,5,904,1966,1,876,904,0,7162,1,7,11.607326140391713
710,3,729,1935,0,270,729,0,4130,1,6,10.858998997563564
711,4,1178,1900,1,859,859,0,8712,1,7,11.540307141711446
712,8,1228,1988,2,1228,1228,767,4671,1,5,12.14950229404178
713,4,960,1970,2,960,960,789,9873,2,5,11.76756768334381
714,6,1479,1976,2,725,725,533,13517,1,8,11.779128505744886
715,6,1350,1974,2,1064,1350,0,10140,1,5,12.013700752882718
716,7,2554,1890,2,718,1576,0,10800,1,8,11.979799201207037
717,5,1178,1973,2,1176,1178,1084,10000,1,6,11.964001084330445
718,7,2418,1993,3,1311,1325,1173,10542,1,5,12.739637756265655
719,5,971,1969,1,971,971,523,9920,1,6,11.763684183317412
720,8,1742,1985,2,1742,1742,1148,6563,1,5,12.524526376648708
721,6,848,2004,2,848,848,662,4426,1,5,11.870599909242044
722,4,864,1970,2,864,864,191,8120,1,7,11.732060994886899
723,4,1470,1954,1,941,997,0,8172,1,6,11.813030057420567
724,9,1698,2007,3,1698,1698,1234,13286,1,5,12.676076274775909
725,4,864,1970,2,864,864,375,6960,1,6,11.699405031912846
726,6,1680,1988,2,880,1680,808,21695,1,9,12.310432660854417
727,7,1232,2007,2,1232,1232,724,7314,1,5,12.178187442040638
728,5,1776,1958,3,1584,1776,0,11475,1,5,11.608235644774552
729,4,1208,1925,2,780,848,152,6240,1,5,11.542484267211773
730,8,1616,1995,2,1595,1616,1180,5389,1,5,12.373703486914124
731,7,1146,2003,2,868,1146,786,9590,1,5,12.141534124392603
732,7,2031,1998,2,1153,1153,252,11404,1,5,12.312682380588432
733,5,1144,1961,1,864,1144,594,10000,1,6,11.786001385032646
734,5,948,1968,1,948,948,0,8978,1,5,11.589886506106357
735,7,1768,1914,2,880,880,390,10800,2,7,12.0015054797889
737,8,1801,2005,3,893,901,0,10463,1,5,12.387977448827787
738,5,1200,1987,0,1200,1200,1200,10800,1,5,12.095141084822892
739,7,1728,2004,2,864,864,0,9313,1,5,12.154779351142624
740,5,1432,1910,2,264,768,0,9600,1,7,11.790557201568507
741,6,912,1961,1,912,912,832,6768,1,8,11.863582336583399
742,7,1349,2000,2,1349,1349,0,8450,1,5,12.095141084822892
743,5,1464,1963,2,520,1464,444,12886,1,6,12.072541252905651
744,8,1337,1993,2,1337,1337,733,5395,1,5,12.100712129872347
745,8,2715,1976,2,1142,1175,575,8963,1,9,12.610870864650634
746,7,2256,2000,2,952,980,300,8795,1,5,12.371587084007746
747,7,2640,1880,4,1240,1320,0,11700,2,7,12.491172637278908
748,7,1720,1996,2,1720,1720,919,10593,1,5,12.46997418931655
750,4,1140,1910,0,576,792,0,8800,1,7,11.477298287327077
751,7,1320,2003,2,660,660,0,7750,1,5,11.99535161421452
752,6,1494,1997,2,1479,1494,1200,9236,1,5,12.287652632522597
753,8,2098,2005,3,1030,1038,0,10240,1,5,12.526342907575106
754,6,1026,1969,2,1026,1026,439,7930,1,8,11.957611286231675
755,6,1471,1999,2,729,742,381,3230,1,5,12.058152515453552
756,8,1768,2007,2,866,866,20,10769,1,5,12.26434155365415
757,6,1386,1978,2,672,672,438,11616,1,5,11.976030352524807
758,7,1501,1999,2,744,757,549,2280,1,5,12.097373228606832
759,8,2531,1995,3,1318,1328,56,12257,1,5,12.577636201962656
760,6,864,1959,1,864,864,612,9100,1,6,11.755871643580617
761,5,1301,1924,2,1145,1301,405,6911,1,5,11.512925464970229
762,7,1547,2009,2,756,764,24,8640,1,5,12.279323107269766
763,8,2365,1999,3,1252,1268,1163,9430,1,5,12.727838209334498
764,8,1494,1995,2,1494,1494,437,9549,1,5,12.506177237980511
765,9,1506,2008,2,1498,1506,0,14587,1,5,12.484204257170104
766,7,1714,1988,2,980,980,394,10421,1,5,12.188417710291453
767,6,1750,1940,1,983,983,660,12508,1,7,11.982929094215963
769,8,3279,2003,3,1650,1690,1416,53504,1,5,13.195613839143922
770,5,858,1982,2,858,858,685,7252,1,5,11.812289042195847
771,4,1220,1951,2,836,1220,836,8877,1,5,11.532728092266408
772,6,1117,1976,2,1029,1117,422,7819,1,5,11.580584113444043
773,5,912,1958,1,912,912,456,10150,1,5,11.648330101976432
775,6,1204,1998,2,1204,1204,866,4500,1,5,11.99535161421452
776,7,1614,2005,3,1614,1614,20,11210,1,5,12.308177868467327
777,5,894,1974,2,864,894,762,13350,1,5,11.867097278690842
779,6,1004,1977,2,975,1004,975,10530,1,5,11.813030057420567
780,7,1253,1995,2,1237,1253,0,7875,1,5,12.078239274020289
781,6,1603,1992,2,761,810,387,7153,1,5,12.077670930725649
782,7,1430,2001,2,1413,1430,0,16285,1,5,12.139398512262181
783,5,1110,1978,2,1097,1110,1097,9101,1,6,12.016726473799254
784,6,1484,1914,0,742,742,0,6300,1,6,11.759785542901755
785,6,1342,1967,2,1372,1342,251,9790,1,5,11.992260421644849
786,5,1652,1915,1,686,966,686,10800,1,6,11.842229212112828
787,7,2084,2004,2,956,956,656,10142,1,5,12.358793732547838
788,4,901,1954,1,901,901,0,6000,1,7,11.588960151246226
789,6,2087,1966,2,832,976,568,12205,1,8,12.141534124392603
790,7,1145,2005,2,1145,1145,16,3182,1,5,11.984178313616395
791,6,1062,1976,2,1029,1062,539,11333,1,5,11.896826395162552
792,7,2013,1996,2,1117,1127,862,9920,1,5,12.50539915757667
793,8,1496,2007,2,1496,1496,0,9158,1,5,12.323855681186558
794,7,1895,1994,2,712,1086,0,10832,1,5,12.178187442040638
795,6,1564,1980,2,650,888,0,8400,1,6,12.049418835484797
796,6,1285,1977,2,660,1285,0,8197,1,5,11.874090314181814
797,5,773,1953,1,773,773,570,7677,1,5,11.608235644774552
799,5,1768,1937,1,731,981,569,7200,1,7,12.072541252905651
800,6,1688,1997,2,616,616,462,12798,1,5,12.206072645530174
801,4,1196,1916,2,1196,1196,197,4800,1,7,11.607326140391713
802,7,1456,2005,2,728,728,648,8199,1,5,12.14950229404178
804,5,1128,1954,1,936,1128,812,9000,1,5,11.678439903447801
805,7,1428,2008,2,1417,1428,0,12274,1,5,12.33569641332368
806,5,980,1967,1,980,980,400,9750,1,5,11.816726919301892
807,5,1576,1923,2,1324,1072,1309,21384,1,6,12.31716669303576
808,5,1086,1966,2,1024,1086,516,13400,1,5,11.982616545377663
809,5,2138,1898,2,849,1075,0,8100,2,5,11.571194373094205
810,6,1309,1974,2,1040,1309,663,10140,1,6,12.106252310247962
811,6,848,2004,2,848,848,662,4438,1,5,11.881034786534624
812,5,1044,1952,2,540,1044,0,8712,2,5,10.932981961904135
813,6,1442,1958,1,1442,1442,608,9750,1,6,11.969717200243734
814,5,1250,1918,1,686,686,0,8248,1,7,11.661345470088502
815,7,1661,1998,2,1649,1661,0,12137,1,5,12.323411137947407
816,5,1008,1954,1,1008,1008,486,11425,1,6,11.827736204810263
817,8,1689,2002,3,1568,1689,1218,13265,1,5,12.509874099861838
818,6,1052,1971,2,1010,1052,504,8816,1,7,11.951180395901384
819,7,1358,2009,2,1358,1358,733,6371,1,5,12.319401330837177
820,7,1640,2003,2,798,798,0,7226,1,5,12.117241431823558
821,4,936,1953,2,936,936,0,6000,2,4,11.440354772135393
822,7,1733,2003,2,847,847,0,12394,1,5,12.323855681186558
823,6,1489,1940,1,778,944,0,9900,1,7,11.845819880243557
824,8,1489,2006,2,1489,1489,0,11216,1,5,12.3570755190667
826,5,784,1924,0,784,784,784,6130,1,6,11.603679828238693
827,7,1434,2001,2,1454,1434,20,8529,1,5,12.14950229404178
828,5,2126,1967,2,1013,1160,249,28698,1,5,12.128111104060462
829,7,1223,2005,2,600,520,0,2544,1,5,11.900905258737373
830,6,1392,1957,2,1392,1392,1040,11900,1,5,12.01974306733868
831,7,1200,2005,2,600,520,0,3180,1,5,11.925035115797062
832,7,1829,2003,2,941,941,483,9548,1,6,12.375815420117268
833,6,1516,1964,2,1516,1516,196,10004,1,6,12.025749091398891
834,5,1144,1961,2,1144,1144,572,7875,1,6,11.8490404949436
835,4,1067,1950,2,1067,1067,442,9600,1,7,11.759785542901755
836,5,1559,1948,2,1559,1559,338,8100,1,6,11.941455846009388
837,6,987,1973,1,483,483,330,1680,1,5,11.512925464970229
838,5,1099,1995,1,1099,1099,0,9525,1,6,11.877568578558138
839,5,1200,1946,1,768,768,352,11767,1,6,11.779128505744886
840,6,1482,1925,1,672,810,156,12155,2,8,11.84939770159144
841,5,1539,1904,2,650,958,0,10440,1,8,11.967180737247824
842,6,1165,1966,2,1127,1165,312,9020,1,7,12.071969661006694
844,5,1416,1915,3,876,876,0,12665,1,8,11.94405831982697
845,5,1701,1975,2,1390,1701,1390,16647,1,5,12.049418835484797
846,7,1775,1993,2,740,1006,513,9317,1,5,12.269047444691562
847,5,864,1972,1,864,864,460,15523,1,6,11.801856756822442
848,6,2358,1908,2,907,1307,0,45600,1,8,12.388394202324129
849,6,1855,1976,2,528,1094,0,9600,1,7,12.138863895836725
850,6,848,2003,2,848,848,659,4435,1,5,11.786762130599957
851,8,1456,2003,2,1273,1456,0,3196,1,5,12.2783933071098
852,7,1646,1941,1,918,918,364,7128,1,5,12.007621706806335
853,6,1445,1964,2,1127,1445,564,12095,1,6,11.970350312009105
854,5,1779,1955,2,1763,1779,306,17920,1,4,12.043553716032399
855,5,1040,1962,1,1040,1040,659,6897,1,8,11.751942365440728
856,6,1026,1978,2,940,1026,505,10970,1,6,11.898187865760873
857,6,1481,1994,2,702,702,0,8125,1,5,12.066810578196666
858,7,1370,1976,2,1090,1370,0,10400,1,5,11.931635799828413
859,6,2654,1968,2,1054,1512,619,11029,1,7,12.429216196844383
860,7,1426,1918,1,912,912,0,7642,1,8,12.154516158615772
861,5,1039,1965,2,1039,1039,841,11625,1,4,11.786762130599957
862,6,1097,1984,2,1040,1097,338,9672,1,5,11.931635799828413
863,5,1148,1959,1,1148,1148,1148,7931,1,5,11.794337924408413
864,7,1372,2007,2,1372,1372,0,8640,1,5,12.431533509799543
865,5,1002,1970,2,1002,1002,828,8750,1,6,11.908340237224891
866,8,1646,2006,3,1638,1646,0,10656,1,5,12.424806488355683
867,4,1120,1961,2,1040,1120,932,6970,1,5,11.76756768334381
869,7,1949,1993,2,1050,1062,750,9938,1,5,12.371587084007746
870,5,894,1962,1,894,894,0,6600,2,5,11.603679828238693
871,6,1682,1998,2,804,804,505,8750,1,5,12.20856952572876
872,5,910,1953,2,105,910,0,8892,1,7,11.661345470088502
873,5,1268,1949,1,832,1036,375,12144,1,7,11.79810440720389
874,5,1131,1941,1,676,676,0,5720,1,6,11.104957226643945
875,8,2610,2007,2,1184,1184,64,9000,1,5,12.623061104072981
876,4,1040,1963,2,1064,1040,633,25286,1,5,11.792449349720545
877,9,2224,2004,3,1462,1462,1170,8834,1,5,12.765688433465597
878,5,1155,1961,2,1109,1155,899,11782,1,7,11.904967552746252
879,5,864,1978,1,864,864,646,7000,1,8,11.824079893607152
880,5,1090,2005,2,1090,1090,980,7024,1,5,11.964001084330445
881,7,1717,1990,2,1156,1187,902,13758,1,5,12.141534124392603
882,6,1593,1992,2,808,808,0,9636,1,5,12.089538829274222
883,4,2230,1912,1,795,954,0,6204,2,5,11.682668239557323
884,5,892,1967,1,892,892,432,7150,1,5,11.512925464970229
885,9,1709,1999,2,1698,1709,1238,5119,1,5,12.703509032177148
886,5,1712,1959,2,1626,1712,528,8393,1,5,11.884489021402711
887,5,1393,1955,1,816,872,0,16466,1,7,11.816726919301892
889,6,1505,1953,2,1505,1505,1024,12160,1,4,11.915051671812877
890,5,924,1949,2,672,672,0,8064,1,7,11.719126295554126
891,6,1683,1978,2,918,918,226,11184,1,5,12.058152515453552
892,6,1068,1963,1,1059,1068,663,8414,1,8,11.947949375319936
893,5,1383,1954,1,1383,1383,1064,13284,1,5,12.013700752882718
895,6,1796,1963,2,780,983,400,7056,1,5,11.84939770159144
896,4,951,1936,1,951,951,285,8765,2,6,11.575900264131617
899,5,1236,1961,1,912,1236,465,6993,1,7,11.813030057420567
900,4,858,1971,1,858,858,322,7340,1,6,11.608235644774552
901,5,1306,1957,1,992,1306,860,8712,1,7,11.938193200374572
902,7,1509,2003,2,783,807,0,7875,1,5,12.100712129872347
903,7,1670,2006,3,1670,1670,0,14859,1,5,12.388394202324129
904,5,902,1967,1,876,902,599,6173,1,6,11.740061037553975
905,5,1063,1954,1,1056,1063,354,9920,1,5,11.759785542901755
906,8,1636,2006,3,1623,1636,63,13501,1,5,12.449018824140563
907,7,2057,1936,1,1017,1020,223,11500,1,7,12.429216196844383
908,5,902,1983,2,864,902,301,8885,1,5,11.782952602183288
909,6,1484,2005,2,742,742,0,12589,1,5,12.066810578196666
910,5,2274,1960,2,1105,1105,443,11600,1,5,11.946654038351252
911,5,1268,1977,1,1268,1268,196,9286,1,7,11.874090314181814
912,5,1015,1925,1,768,1015,489,6120,2,7,11.385092093460344
913,5,2002,1949,3,1001,1001,284,6270,2,6,11.884489021402711
914,6,1224,2009,2,612,612,294,3000,1,5,12.065274916913605
915,4,1092,1970,1,546,546,0,2001,1,5,11.225243392518447
916,2,480,1949,1,480,480,50,9000,2,3,10.47194980911048
917,4,1229,1956,1,1134,1229,1059,17140,1,6,11.813030057420567
918,7,2127,1991,3,1104,912,48,13125,1,5,12.380025952653611
919,6,1414,1958,2,1184,1414,528,11029,1,8,12.081076155355488
920,6,1721,1994,2,928,936,814,8462,1,5,12.211060187041213
921,5,2200,1900,0,1272,1272,1084,8777,1,7,11.890676734510876
922,6,1316,2005,2,1316,1316,28,10237,1,5,12.043494890772815
923,6,1617,1993,2,1604,1617,165,8012,1,5,12.170445467887022
924,6,1686,1980,2,1686,1686,625,10240,1,6,12.24288661865289
925,5,1126,1977,2,1126,1126,767,15611,1,6,12.072541252905651
926,8,2374,2003,3,1181,1234,0,11999,1,5,12.560244459250788
927,7,1978,1968,2,832,1098,552,9900,1,5,12.078239274020289
929,7,2236,1997,2,964,993,0,13006,1,5,12.310432660854417
930,8,1466,2007,3,1466,1466,16,8925,1,5,12.211060187041213
931,5,925,1965,1,925,925,338,9100,1,6,11.67419361256635
933,7,1500,2004,2,1500,1500,20,8487,1,5,12.154779351142624
935,4,747,1926,2,600,747,0,5825,1,5,11.288531131754366
936,7,1200,2003,2,1176,1200,833,10083,1,5,12.127570417375216
937,7,1971,2005,2,1113,1113,341,9675,1,5,12.441144767709657
938,7,1962,2006,3,1391,1391,464,8760,1,5,12.38755635142507
939,7,2403,1940,1,1032,1207,0,24090,1,7,12.406561506279576
940,6,1728,1976,2,1728,1728,936,12640,1,5,11.924372644755941
941,7,2060,1999,2,992,1022,772,8755,1,5,12.273731294003989
942,4,1440,1977,0,1440,1440,1440,7711,1,3,11.918390573078392
943,5,1632,1967,2,1632,1632,0,25000,1,4,11.870599909242044
944,6,1344,1958,2,819,1344,111,14375,1,6,11.831379196088763
945,5,1869,1890,2,1088,1188,1088,8820,1,6,11.73526869611367
946,5,1144,1959,1,1144,1144,748,8163,1,6,11.870599909242044
947,8,1629,2002,3,1616,1629,1300,14536,1,5,12.506177237980511
948,7,1776,2002,2,936,936,0,14006,1,5,12.167851432709975
949,6,1381,1972,2,1161,1381,982,9360,1,7,12.193493863323313
950,5,864,1950,2,864,864,398,7200,1,8,11.76756768334381
951,5,965,1965,1,828,965,641,7800,1,5,11.694413341015606
952,5,768,1972,1,768,768,660,7200,1,8,11.804848531679264
953,5,1968,1969,2,784,1168,562,11075,1,4,12.05524975579559
954,6,980,1975,0,945,980,945,9400,1,5,11.755871643580617
955,6,1958,1946,2,979,979,484,7136,2,6,11.884489021402711
956,6,1229,1980,2,561,561,285,1300,1,6,11.728036844587175
957,5,1057,1962,2,1057,1057,417,7420,1,5,11.790557201568507
958,7,1337,2003,2,1337,1337,699,8450,1,5,12.128111104060462
959,7,1416,1999,2,696,696,604,2572,1,5,11.951180395901384
960,5,858,1958,0,858,858,696,7207,1,7,11.665646551987892
961,6,2872,1977,2,1330,1542,896,12227,1,7,12.513557345278134
962,6,1548,1976,2,804,804,556,2308,1,6,11.951180395901384
964,7,1894,2002,2,817,824,624,11316,1,5,12.277928082630602
965,6,1484,2005,2,783,783,0,10237,1,5,12.09458226949681
966,5,1308,1940,1,728,976,428,9600,1,7,11.982929094215963
967,5,1098,1955,1,1098,1098,902,7390,1,7,11.813030057420567
968,3,968,1910,0,600,600,0,5925,2,6,10.542706391070517
969,6,1095,1958,1,588,1095,513,10382,1,5,11.84939770159144
970,4,1192,1949,0,720,720,0,10800,2,4,11.813030057420567
971,7,1626,2003,2,764,764,567,2268,1,5,12.061046873479915
972,6,918,1979,1,918,918,0,7892,1,5,11.507912923146684
973,7,1428,2007,2,1428,1428,0,11639,1,5,12.111761966058932
974,7,2019,1910,2,728,1136,0,11414,2,8,12.028738630247258
975,7,1382,2000,2,673,673,641,2651,1,5,12.013700752882718
976,4,869,1923,0,440,869,0,5900,1,7,11.356271654924852
977,7,1241,2006,2,1241,1241,1106,4274,1,5,12.205572520488492
978,4,894,1954,2,894,894,552,9450,1,5,11.608235644774552
979,5,1121,1963,2,1121,1121,651,8816,1,6,11.842229212112828
980,7,999,1961,2,944,999,867,12122,1,9,12.091783499128047
981,8,2612,1998,3,1225,1276,854,12203,1,5,12.724866438945341
982,7,1266,2007,2,1266,1266,0,3182,1,5,11.982272628789678
983,8,2290,2002,2,1128,1149,0,11250,1,5,12.45254202214788
985,5,1164,1950,1,1164,1164,1040,10880,2,5,11.736069016284437
986,6,1635,1910,1,485,1001,0,5310,1,8,11.669929213779893
987,9,1940,2009,3,1930,1940,1646,10159,1,5,12.88712700173598
988,6,2030,1976,2,848,1118,156,12046,1,6,12.180754837545884
989,7,1576,2006,2,770,778,0,8125,1,5,12.190959007720126
990,8,2392,1997,3,1396,1407,1074,9452,1,5,12.759957758756611
991,8,1742,1882,2,916,916,216,17671,1,9,12.031719258385396
992,6,1851,1964,2,822,1020,536,9760,1,8,12.138863895836725
993,6,1500,2005,2,750,750,0,8846,1,5,12.066235700342375
994,10,1718,2006,3,1700,1718,1172,12456,1,5,12.729320789294722
995,4,1230,1946,1,747,774,384,4712,1,7,11.708492248514204
996,5,1050,1961,1,1050,1050,915,10659,1,6,11.824079893607152
997,6,1442,1970,2,1442,1442,0,11717,1,6,12.128111104060462
998,3,1077,1922,1,1007,1077,0,9786,2,4,11.418614785498987
999,7,1208,2006,2,1187,1208,686,6762,1,5,12.235631447771718
1001,5,691,1920,1,691,691,0,5400,1,6,11.362102575235644
1002,8,1574,2006,3,1574,1574,24,11957,1,5,12.354492650648448
1003,5,1680,1976,2,1680,1680,0,11500,1,6,11.827042533619087
1004,7,1504,2005,2,1346,1504,16,3182,1,5,12.106252310247962
1005,5,985,1977,1,985,985,595,8385,1,8,11.917723684090689
1006,6,1657,1970,2,1657,1657,1237,12155,1,3,12.004568269319446
1007,4,1092,1970,1,546,546,273,2217,1,4,11.385092093460344
1009,5,1522,1926,0,1008,1008,0,6000,1,5,11.532728092266408
1010,5,1271,1948,1,720,720,0,21286,1,5,11.813030057420567
1012,6,1502,1923,1,602,900,0,10592,1,7,12.013700752882718
1013,5,1022,1910,1,1022,1022,247,7200,2,4,11.350406535472453
1014,6,1082,1948,1,1082,1082,336,11664,1,5,11.688558033613386
1015,8,1665,2001,2,810,810,643,8400,1,6,12.332705296463539
1016,7,1504,1996,2,1504,1504,690,11883,1,5,12.220961258023925
1017,8,1360,1984,2,1220,1360,1036,5814,1,5,12.141534124392603
1018,7,1472,1991,2,384,802,0,10784,1,5,11.982929094215963
1019,7,1506,2005,2,1362,1506,16,3013,1,5,12.27134527214637
1020,4,1132,2005,2,1132,1132,1024,7024,1,5,12.078239274020289
1021,7,1220,2006,2,1199,1220,684,7406,1,5,12.175613438045465
1022,5,1248,1930,1,912,912,324,9439,1,5,11.37366339763672
1023,7,1504,2005,2,1346,1504,16,3182,1,5,12.160028707028767
1025,5,882,1972,2,882,882,138,7700,1,5,11.630708500626612
1026,5,1264,1960,2,1268,1264,697,9300,1,5,12.028738630247258
1027,8,1646,2007,3,1638,1646,1513,9520,1,5,12.588190652108505
1028,5,1376,1941,1,768,968,368,9492,1,5,11.56171562913966
1029,6,1218,1972,1,672,672,317,1680,1,7,11.678439903447801
1030,5,1928,1916,0,686,948,0,7082,1,8,11.982929094215963
1031,7,3082,1920,2,824,1687,523,15863,1,3,12.190959007720126
1032,8,2520,1993,3,1338,1352,1012,14541,1,7,12.644327576461329
1033,7,1654,2002,3,1654,1654,986,8125,1,5,12.345834587905333
1034,5,954,1938,1,920,954,0,6305,1,7,11.693161515273161
1036,9,1620,2007,3,1620,1620,1022,12898,1,5,12.661913960963405
1037,8,2263,2001,2,1055,1055,0,9240,1,5,12.567237494741757
1038,4,1344,1970,0,546,798,0,1533,1,6,11.48246625748552
1039,4,630,1970,1,630,630,509,1477,1,4,11.289781913656018
1040,5,1803,1957,2,1134,1803,168,13125,1,4,11.951180395901384
1041,6,1632,1966,2,800,800,400,9130,1,8,12.061046873479915
1042,6,1306,2005,2,1306,1306,900,5381,1,5,12.185869938212655
1043,7,2329,1990,2,1475,1532,1085,11839,1,5,12.477167914377556
1047,5,990,1994,2,990,990,686,9245,1,5,11.884489021402711
1050,7,1302,2007,2,1302,1302,0,8993,1,5,12.080991165908294
1051,7,1316,2007,2,1316,1316,0,11175,1,5,12.206777397134413
1052,6,1977,1964,2,816,1127,442,9500,1,6,12.013700752882718
1053,5,1526,1957,1,1216,1526,383,8562,1,6,11.881034786534624
1054,8,1989,2002,2,1065,1091,932,11367,1,5,12.449018824140563
1055,6,1523,1976,2,1193,1523,644,11361,1,5,12.100712129872347
1056,7,1364,2005,2,1364,1364,659,7052,1,5,12.132695175725399
1057,7,1850,1994,2,973,979,595,29959,1,6,12.421184025147118
1058,9,2184,2008,3,1104,1130,936,11308,1,5,12.721885810807203
1059,6,1991,1932,2,854,1096,297,11275,1,7,12.301382825334498
1060,8,1338,2001,2,1338,1338,616,4920,1,5,12.271392111650817
1061,3,894,1935,3,894,894,0,18000,1,4,11.302204433654575
1062,5,2337,1900,2,662,1422,0,13600,2,5,11.407564949312402
1063,6,1103,1925,2,1103,1103,397,6000,1,6,11.612770799939945
1064,5,1154,1966,2,1154,1154,740,11000,1,6,11.944707881395766
1065,7,2260,1996,2,1306,1306,1201,14000,1,5,12.70076888736628
1066,6,1571,1993,2,799,799,0,7837,1,7,12.089538829274222
1067,6,1611,1964,2,780,798,674,9760,1,6,12.031123843065632
1068,6,2521,1973,2,942,1291,837,3964,1,4,11.927680619985486
1069,5,893,1949,2,845,893,220,9600,1,7,11.813030057420567
1070,5,1048,1956,1,1048,1048,586,10152,1,5,11.813030057420567
1071,6,1556,1968,2,727,829,298,11700,1,6,11.944707881395766
1072,5,1456,1948,1,810,1002,0,7585,1,3,11.424094251263613
1073,6,1426,1977,2,690,698,535,7950,1,6,11.979799201207037
1074,7,1240,2006,3,1240,1240,0,8556,1,5,12.175613438045465
1075,7,1740,1940,1,800,960,410,13125,1,6,12.299107511497363
1076,5,1466,1936,2,796,1096,626,10800,1,8,12.043553716032399
1077,5,1096,1969,1,1096,1096,75,15870,1,5,11.840789327054841
1078,6,848,2004,2,848,848,662,4435,1,5,11.956970055045868
1079,5,990,1994,1,990,990,495,8775,1,5,11.744037185933616
1080,6,1258,1971,2,1258,1258,656,11040,1,7,11.884489021402711
1081,5,1040,1963,1,1040,1040,824,7500,1,5,11.79810440720389
1082,7,1459,2002,2,1459,1459,0,8749,1,5,12.165250651009918
1083,6,1251,1964,1,1251,1251,553,8800,1,6,11.982929094215963
1084,6,1498,1995,2,691,691,592,13031,1,5,12.141534124392603
1085,6,996,1992,2,936,996,747,9069,1,6,11.898187865760873
1086,4,1092,1973,1,546,546,334,1974,1,5,11.332601910838946
1087,8,1953,2005,3,1082,1082,0,10574,1,5,12.437184366493561
1088,7,1709,2004,2,970,970,0,2522,1,5,11.831379196088763
1089,8,1247,2005,2,1247,1247,1039,3316,1,5,12.190959007720126
1091,7,1252,1999,2,600,624,510,2160,1,5,11.982929094215963
1092,6,1694,1925,2,1181,1390,423,8400,1,5,11.824079893607152
1093,5,1200,1965,2,864,1200,661,9230,1,8,11.891361900690473
1094,5,936,1956,1,936,936,248,5868,1,7,11.76756768334381
1095,6,1314,2006,2,1314,1314,24,9317,1,5,12.08069081199846
1096,6,1355,1914,0,684,773,0,6882,1,7,11.751942365440728
1097,8,1088,1986,2,1074,1088,0,3696,1,5,12.043553716032399
1098,4,1324,1936,1,672,757,672,6000,1,6,11.759785542901755
1099,7,1601,1978,2,1271,1601,704,11880,1,5,11.964001084330445
1100,2,438,1920,1,290,438,290,8400,2,5,11.002099841204238
1101,5,950,1971,1,950,950,412,9758,1,5,11.691071650353702
1102,5,1134,1960,1,1010,1134,588,7000,1,7,11.813030057420567
1103,6,1194,1959,2,655,1194,655,8910,1,6,11.979799201207037
1104,5,1302,1970,2,630,630,0,2016,1,5,11.571194373094205
1105,8,2622,1994,2,1463,1500,1032,12256,1,5,12.691580461311874
1106,7,1442,1990,2,910,1442,738,10357,1,5,12.100156419938624
1107,7,2021,2006,2,868,887,0,23257,1,5,12.523525876315125
1108,6,1690,2000,2,924,948,0,8063,1,5,12.106252310247962
1109,8,1836,2004,3,1836,1836,1039,11362,1,5,12.542544882151386
1110,6,1658,1995,2,773,773,219,8000,1,5,12.144197241812087
1111,7,1964,1976,2,803,1098,403,10480,1,6,12.230765258120545
1112,5,816,1957,1,816,816,708,7100,1,7,11.77452020265869
1113,5,1008,1953,1,1008,1008,643,8923,1,7,11.809319478024031
1114,5,833,1954,1,833,833,415,5400,1,7,11.669929213779893
1115,8,1734,2007,3,1734,1734,1004,12085,1,5,12.669806661762314
1116,8,1419,2002,2,408,779,353,7750,1,5,12.123234367221169
1117,5,894,1967,2,894,894,702,9764,1,7,11.77528972943772
1118,5,1601,1958,1,533,1021,0,13825,1,6,11.84939770159144
1119,5,1040,1959,1,1040,1040,369,7560,1,5,11.803353763090035
1120,6,1012,1920,1,1012,1012,0,8263,1,5,11.681824001432043
1121,7,1552,2005,3,1552,1552,24,10084,1,5,12.26857785088157
1122,4,960,1956,1,672,960,0,8926,1,3,11.626254150277232
1123,5,698,1947,0,698,698,0,9405,1,9,11.678439903447801
1124,7,1482,1992,2,384,812,0,9125,1,5,12.00701176473192
1125,4,1005,1955,2,1005,1005,0,10434,1,5,11.652687407345388
1126,7,1555,2007,3,1373,1555,0,3684,1,5,12.066810578196666
1127,7,1530,2004,3,1530,1530,1300,14572,1,5,12.464583340681674
1128,7,1959,2004,2,847,847,0,11796,1,5,12.2783933071098
1129,5,936,1980,2,936,936,936,7200,1,5,11.84939770159144
1130,4,1981,1928,2,1122,1328,622,7804,1,3,11.813030057420567
1131,5,974,1991,0,974,974,212,10712,1,5,11.44571671527678
1132,6,2210,1880,1,1008,1178,0,9900,1,4,11.67419361256635
1133,8,2020,1995,2,1128,1142,584,9828,1,5,12.386308695833106
1134,6,1600,1997,2,916,916,0,8773,1,5,12.037653993905211
1135,6,986,1926,1,960,986,0,6180,2,5,11.532728092266408
1136,6,1252,1950,1,1032,1032,280,9600,1,5,11.686878772093667
1137,5,1020,1875,0,780,780,0,6342,2,8,11.451050061252142
1138,6,1567,1977,2,1567,1567,1567,9819,1,5,12.185869938212655
1139,5,1167,1920,2,915,1167,645,8731,1,5,11.877568578558138
1140,5,952,1951,2,952,952,852,7350,1,7,11.842229212112828
1141,5,1868,1976,2,780,1088,381,10304,1,7,12.193493863323313
1142,8,2828,2006,3,1466,1466,1150,9965,1,5,12.959538518762063
1143,5,1006,1959,0,1006,1006,288,9000,1,3,11.289781913656018
1144,4,924,1941,1,672,672,348,12180,2,4,11.289781913656018
1145,5,1576,1928,1,1042,1042,0,6240,1,6,11.911701584927597
1146,6,1298,1985,2,1298,1298,1258,11200,1,5,12.100712129872347
1147,7,1564,1941,1,704,860,275,12000,1,7,12.069680020624618
1148,7,1111,1926,1,572,572,0,5700,1,7,11.66907414746016
1149,7,1482,1920,2,650,832,624,9000,1,9,11.870599909242044
1150,6,932,1950,1,932,932,0,8280,1,5,11.728036844587175
1151,5,1466,1959,2,1466,1466,176,17755,1,4,11.917723684090689
1152,6,1811,1956,2,1073,1811,296,14115,1,7,12.345834587905333
1153,6,816,1930,1,816,816,538,5890,1,8,11.699405031912846
1154,7,1820,1965,2,864,902,454,13700,1,6,12.215032386901646
1155,5,1437,1976,2,1437,1437,1157,10768,1,8,12.292250341771226
1156,5,1265,1965,2,1219,1265,633,9350,1,8,12.100156419938624
1157,7,1314,2007,2,1314,1314,904,5001,1,5,12.345834587905333
1158,8,1580,2007,3,1580,1580,0,11932,1,5,12.367885325692589
1159,6,1876,1974,2,901,943,442,9120,1,6,12.128111104060462
1160,6,1456,1978,2,855,855,311,2280,1,5,11.891361900690473
1161,6,1640,1954,2,1296,1640,728,14778,1,7,12.319401330837177
1162,5,894,1968,2,894,894,492,8724,1,5,11.76756768334381
1163,4,1258,1969,2,1198,1258,1198,12900,1,4,11.598726943661342
1164,5,1432,1978,2,1360,1432,680,16157,1,7,12.175613438045465
1165,7,1502,2009,2,1502,1502,0,9541,1,5,12.359523080243038
1167,6,1671,2000,2,959,959,786,10852,1,5,12.061046873479915
1168,6,2108,1935,2,1127,1236,626,13728,1,7,12.367340793126296
1169,10,3627,1995,3,1930,1831,1387,35760,1,5,13.345506928718539
1170,6,1118,1977,1,1096,1118,522,9880,1,6,12.049418835484797
1171,6,1261,1958,2,1261,1261,662,9120,1,6,12.0015054797889
1172,7,1250,2006,2,625,625,0,4017,1,5,12.05466819137094
1173,5,3086,1946,0,1598,1636,152,18030,1,6,12.20856952572876
1174,6,2345,1932,2,952,1170,503,16560,1,8,12.384218830913648
1176,5,923,1984,1,876,923,658,6951,1,5,11.691071650353702
1177,6,1224,1926,1,818,818,468,3950,1,8,11.652687407345388
1178,5,1343,1921,1,731,820,0,7681,1,6,11.95053502640496
1180,7,2514,1990,2,1216,1298,1216,11170,1,5,12.429216196844383
1181,8,1652,2008,2,1600,1652,1480,5587,1,5,12.8802918162046
1183,5,1130,1920,2,1120,1130,821,10800,1,6,11.695247021764184
1184,5,1572,1963,3,1572,1572,1159,35133,1,4,12.137258329529814
1185,5,1221,1924,1,784,949,392,9738,1,7,11.560762794384388
1186,3,1699,1900,2,978,1014,440,10615,1,5,11.461632170582678
1187,8,1624,1994,3,1624,1624,1456,12461,1,5,12.476099782743233
1188,7,1660,2002,2,831,831,0,8935,1,5,12.180754837545884
1189,7,1804,1999,2,994,1028,0,7500,1,5,12.14950229404178
1190,4,1622,1961,4,1249,1622,1159,32463,1,4,12.031719258385396
1191,8,1441,1999,2,776,764,0,2645,1,5,12.066810578196666
1192,5,1472,1925,1,702,842,0,9600,1,8,11.736069016284437
1193,6,1224,1999,2,1224,1224,883,4500,1,5,12.013700752882718
1194,6,1352,1969,1,663,663,371,9364,1,7,11.970350312009105
1195,6,1456,2005,2,728,728,0,8029,1,5,12.078239274020289
1196,7,1863,2006,3,879,879,0,14054,1,5,12.297785453453374
1197,7,1690,1916,1,815,815,0,8850,1,6,11.877568578558138
1198,7,1212,2001,2,1212,1212,0,9100,1,5,12.089538829274222
1199,4,1382,1963,2,1051,1382,547,11235,1,5,11.904967552746252
1200,4,864,1970,1,864,864,0,9353,1,5,11.661776411702583
1201,7,1779,1998,2,866,866,0,10400,1,5,12.195517131590657
1202,5,1348,1925,1,884,884,0,6000,1,8,11.669929213779893
1203,7,1630,2000,2,1630,1630,0,9750,1,5,12.269047444691562
1204,5,1074,1975,2,1056,1074,788,10140,1,6,11.941455846009388
1206,4,1056,1966,1,1056,1056,1056,8900,1,4,11.580584113444043
1207,6,1700,2003,2,1682,1700,340,9135,1,5,12.206072645530174
1208,5,1283,1962,2,931,1283,504,7763,1,7,11.84939770159144
1209,8,1660,2006,2,1660,1660,1220,10182,1,5,12.577636201962656
1210,6,1845,1992,2,1055,1055,0,11218,1,5,12.14950229404178
1211,8,1752,1988,2,559,1080,427,12134,1,7,12.007621706806335
1212,4,672,1941,1,672,672,344,9340,1,6,11.635143097694478
1213,4,960,1965,1,648,960,648,10246,1,9,11.884489021402711
1214,5,999,1962,1,925,999,784,10205,1,5,11.809319478024031
1215,5,894,1966,1,894,894,180,7094,1,5,11.736069016284437
1217,8,1314,2009,2,1300,1314,936,8640,1,5,12.343466568968994
1219,6,1218,1971,0,672,672,0,1680,1,5,11.424094251263613
1220,5,912,1964,1,912,912,312,7800,1,5,11.652687407345388
1221,5,1211,1968,1,952,1211,250,8250,1,5,11.805595078933049
1222,6,1846,1949,1,1040,1168,196,10496,1,6,11.870599909242044
1224,7,1490,2004,2,788,788,724,15384,1,5,12.122691036591123
1225,6,1138,1958,1,588,1138,507,10482,1,8,11.884489021402711
1226,6,1933,2007,3,894,894,0,14598,1,5,12.273731294003989
1227,5,912,1965,2,912,912,595,8872,1,8,11.898187865760873
1228,9,1702,2008,3,1702,1702,1540,8769,1,5,12.813917896253697
1229,5,1507,1960,1,1075,1507,666,7910,1,5,11.751942365440728
1230,5,2620,1977,2,1361,1361,498,18890,1,5,12.154779351142624
1231,5,1190,1962,2,1106,1190,803,7728,1,6,11.794337924408413
1233,5,1188,1959,2,1188,1188,1000,12160,1,5,11.863582336583399
1234,5,1964,1911,0,940,1024,0,8525,2,6,11.77528972943772
1235,5,1784,1914,1,747,892,0,13132,1,5,11.841415931849784
1236,7,1626,2003,2,764,764,0,2628,1,5,12.075394321888057
1237,7,1948,2004,2,847,847,0,12393,1,5,12.180754837545884
1238,6,1141,2005,2,1141,1141,0,13072,1,5,11.867097278690842
1239,8,1484,2006,2,1476,1484,428,9037,1,5,12.490875577231112
1240,7,1768,2003,2,884,884,550,8158,1,5,12.323411137947407
1242,7,1173,1974,2,1053,1173,885,10625,1,6,12.043553716032399
1244,8,1517,1929,2,792,792,0,11435,1,7,12.345834587905333
1245,6,1868,1984,2,585,1140,0,12090,1,7,12.089538829274222
1246,7,1553,2005,2,756,756,0,8125,1,5,12.136186518066006
1247,6,1034,1976,3,1012,1034,539,12328,1,5,12.042965307660024
1248,6,2058,1917,2,735,1134,319,9600,2,5,11.771436160121729
1249,5,988,1950,1,876,988,534,7200,1,7,11.686878772093667
1251,7,1405,2003,2,1405,1405,0,3136,1,5,12.053795210084596
1252,5,874,1968,1,864,874,510,9858,1,6,11.77528972943772
1253,7,2167,1974,2,1192,1516,125,17542,1,7,12.591335046320818
1254,7,1656,2003,2,746,760,0,6931,1,5,12.016122061571728
1255,6,1367,1931,1,884,959,425,6240,1,6,11.755871643580617
1257,5,864,1922,0,864,864,0,4060,1,8,11.511924964636645
1258,7,1166,2005,2,856,1166,655,9587,1,5,12.154779351142624
1259,6,1054,1969,2,1054,1054,602,9750,1,8,11.925035115797062
1260,6,1675,1999,2,841,892,0,24682,1,5,12.106252310247962
1261,5,1050,1956,1,1050,1050,504,9600,1,6,11.766792188927278
1262,4,1788,1957,1,1104,1104,0,11250,1,5,11.992260421644849
1263,6,1824,1919,2,764,1060,0,13515,1,6,12.103486056755072
1264,6,1337,1998,2,1405,1337,266,4060,1,5,12.106252310247962
1265,7,1452,1999,2,691,713,450,3735,1,5,12.122147410592412
1266,7,1889,1910,1,925,964,0,10120,2,4,11.711776323715394
1268,8,3447,1935,3,728,1968,192,14100,1,9,12.850554654108839
1269,5,1524,1958,1,874,874,460,11344,1,5,11.877568578558138
1270,7,1524,1979,2,1332,1332,1258,23595,1,6,12.468436909997665
1271,6,1489,1968,2,1489,1489,0,9156,1,7,12.132156962580005
1272,5,935,1965,1,935,935,560,13526,1,6,11.827736204810263
1273,6,1357,1959,1,1019,1357,719,11512,1,7,12.083905011555967
1274,5,1250,1910,2,661,661,0,5362,1,6,11.842229212112828
1275,5,1920,1948,2,928,928,220,11345,1,5,11.827736204810263
1276,6,1395,1972,2,723,735,593,12936,1,6,11.99535161421452
1277,6,1724,1967,2,1680,1724,528,17871,1,5,12.195517131590657
1278,8,2031,2002,2,1128,1128,804,9473,1,5,12.375815420117268
1279,4,1128,1920,2,698,698,0,7500,1,4,11.133128103610641
1280,7,1573,2002,2,1573,1573,788,9808,1,5,12.332705296463539
1281,7,1339,1990,2,1309,1339,1053,8049,1,5,12.100712129872347
1282,5,1040,1977,2,1040,1040,532,8800,1,7,11.921718363171067
1283,6,1824,1971,0,912,912,0,9400,1,5,11.842229212112828
1284,6,2447,1919,1,804,1699,0,9638,1,7,12.037653993905211
1285,6,1412,1939,1,780,825,0,6000,1,6,11.794337924408413
1286,6,1328,1963,2,1328,1328,569,9790,1,5,11.870599909242044
1287,5,1582,1964,2,1624,1582,812,36500,1,5,12.154779351142624
1288,8,1659,2000,2,1501,1659,1158,5664,1,5,12.535376392672774
1289,8,1970,2006,3,1085,1120,0,11065,1,5,12.546109948315882
1290,5,1152,1964,2,1152,1152,1014,14112,1,7,12.103486056755072
1291,5,1302,1972,1,630,630,231,1680,1,7,11.691071650353702
1292,5,2372,1892,1,994,1378,0,6600,2,4,11.585246126549855
1293,7,1664,1976,2,832,832,194,10140,1,5,12.000891794590137
1294,5,864,1955,2,864,864,167,8172,1,7,11.652687407345388
1295,5,1052,1968,1,1052,1052,1016,8400,1,5,11.83862560460953
1296,5,1128,1963,2,1120,1128,776,8700,1,6,11.951180395901384
1297,6,1072,2005,2,547,1072,547,3675,1,5,11.84939770159144
1299,5,1246,1959,1,1246,1246,340,7500,1,7,11.944707881395766
1300,7,1983,1999,2,978,1005,694,10762,1,5,12.323855681186558
1301,6,1494,1942,1,771,753,547,7500,1,7,12.086725887897607
1302,8,2526,1994,3,1165,1203,740,10120,1,5,12.577636201962656
1303,7,1616,2005,3,1616,1616,0,8688,1,5,12.354492650648448
1304,7,1708,2004,2,976,976,0,3363,1,5,11.77528972943772
1305,9,1652,2006,2,1652,1652,1572,13173,1,5,12.691580461311874
1306,7,1368,2005,2,1368,1368,0,6955,1,5,12.218495165528731
1307,5,990,1994,2,990,990,746,8072,1,5,11.835008964139341
1308,5,1122,1948,2,924,1122,144,12000,1,7,11.898187865760873
1309,6,1294,1991,2,1278,1294,1200,7153,1,5,12.096257779522967
1310,7,1902,1959,2,1902,1902,1406,17500,1,8,12.721885810807203
1311,7,1274,2005,2,1274,1274,925,8814,1,5,12.220961258023925
1312,8,2810,1990,2,1453,1453,482,9572,1,5,12.618182296357007
1313,9,2599,1999,3,1393,1422,0,14774,1,5,12.716402146247475
1314,4,948,1954,1,948,948,732,8190,1,6,11.686878772093667
1315,6,2112,1969,2,952,1092,500,11075,1,5,12.239990863733635
1316,8,1630,2008,3,1622,1630,0,10226,1,5,12.596400426884427
1317,7,1352,2006,2,1352,1352,0,4230,1,5,12.249610947544657
1319,4,948,1954,1,864,948,492,10215,1,5,11.617285480294472
1320,6,1478,1957,2,1478,1478,189,8400,1,3,11.960811288962345
1322,7,1923,1992,2,750,1061,674,10186,1,5,12.154779351142624
1323,4,708,1940,0,420,708,280,5330,1,7,11.320553572322773
1325,4,796,1922,0,796,796,0,3636,2,4,10.915088464214607
1326,3,774,1931,0,544,774,544,4270,1,6,11.27720313144916
1327,5,816,1982,1,816,816,641,6600,1,9,11.779128505744886
1328,6,2792,1920,2,1510,1584,493,10440,1,7,12.4529327234617
1329,7,1632,1998,2,935,955,0,9084,1,5,12.081076155355488
1330,8,1588,2006,3,1588,1588,0,10000,1,5,12.332705296463539
1331,5,954,1976,2,911,954,483,10780,1,5,11.794337924408413
1332,4,816,1938,1,816,816,690,8877,1,6,11.512925464970229
1333,5,1360,1938,1,803,803,0,7200,1,6,11.740061037553975
1334,5,1365,1970,2,765,765,765,2368,1,6,11.736069016284437
1335,6,1334,1977,2,1350,1334,686,9650,1,5,12.031123843065632
1336,5,1656,1973,2,1656,1656,0,9246,1,5,11.813030057420567
1337,4,693,1941,0,693,693,0,4118,2,4,10.868568448579715
1338,7,1861,2002,2,916,920,700,13450,1,5,12.206072645530174
1339,5,864,1972,1,864,864,360,9560,1,7,11.763684183317412
1340,4,872,1971,4,858,872,0,8294,1,5,11.719939634354555
1341,6,1114,2003,2,1114,1114,814,13695,1,5,11.951180395901384
1342,8,2169,2002,2,1284,1284,0,9375,1,5,12.339291489316397
1343,6,1913,1928,2,896,1172,0,7558,1,6,12.083905011555967
1344,7,1456,2006,2,728,728,0,11103,1,5,11.956553034172742
1345,4,960,1920,1,960,960,250,6000,1,4,11.594505451962652
1347,8,1776,2006,3,1732,1776,80,15306,1,5,12.554836882168736
1348,7,1494,1998,2,1482,1494,1443,16196,1,5,12.2783933071098
1349,8,2358,1872,0,684,938,259,5250,2,5,11.711776323715394
1350,5,2634,1969,4,1248,1338,500,11643,1,5,12.206072645530174
1351,6,1716,1962,2,858,858,319,9247,1,6,12.049418835484797
1352,6,1176,1937,2,698,786,0,6000,1,9,11.812289042195847
1354,7,1865,2000,3,992,992,735,10316,1,5,12.367340793126296
1355,7,1920,1968,2,570,1222,0,10192,1,6,12.043553716032399
1356,5,892,1966,1,864,892,340,9477,1,5,11.608235644774552
1357,5,1078,1971,2,1078,1078,734,12537,1,6,11.917723684090689
1358,6,1573,2000,2,756,769,378,2117,1,5,12.086725887897607
1360,5,2601,1921,2,612,990,0,9842,1,6,12.14950229404178
1361,7,1530,2005,2,1530,1530,1274,16158,1,5,12.468436909997665
1362,4,1738,1920,1,715,1281,0,12513,1,4,11.560762794384388
1363,6,1412,2006,2,616,616,0,8499,1,5,11.963567869487337
1364,7,1200,2005,2,600,520,0,3180,1,5,11.87862357740665
1365,7,1674,2000,2,814,814,533,7500,1,5,12.283033686666302
1366,7,1790,1999,2,873,882,633,9179,1,5,12.170445467887022
1367,5,1475,1977,1,757,925,548,2665,1,6,11.751942365440728
1368,6,848,2003,2,848,848,685,4435,1,5,11.877568578558138
1369,8,1668,2003,2,1657,1668,370,10635,1,5,12.354492650648448
1370,4,1374,1920,1,840,840,315,5400,1,6,11.56171562913966
1371,6,1661,1955,1,992,1661,831,9600,1,6,12.016726473799254
1372,7,2097,1998,2,1108,1108,975,9750,1,6,12.521977676925694
1374,7,1958,2005,3,1026,1026,0,10625,1,5,12.429216196844383
1375,8,1571,2007,3,1571,1571,0,10991,1,5,12.384218830913648
1376,6,790,1930,1,768,790,384,6292,2,5,11.418614785498987
1377,5,1604,1941,2,984,984,408,10998,1,5,11.669929213779893
1378,6,987,1973,1,483,483,309,1953,1,5,11.326595886778735
1379,5,1394,2006,2,384,754,0,9735,1,5,12.028738630247258
1380,3,864,1914,1,864,864,203,8212,2,3,10.976782033219948
1382,7,1762,1920,2,596,998,0,7200,1,7,11.964001084330445
1383,5,1416,1918,2,816,1416,0,25339,1,7,11.626254150277232
1384,6,1258,1939,1,560,698,204,9060,1,5,11.56171562913966
1385,4,1154,1922,1,796,796,735,5436,1,8,11.740061037553975
1386,7,2784,1978,2,1392,1392,790,16692,1,5,12.429216196844383
1387,6,2526,1916,1,714,1664,168,8520,2,7,11.820410164718188
1388,9,1746,2006,3,1746,1746,1320,14892,1,5,12.841325847671216
1389,6,1218,1941,2,735,869,375,6000,1,6,11.782952602183288
1390,7,1525,2000,2,1525,1525,1400,9100,1,5,12.367340793126296
1391,5,1584,1967,3,1584,1584,0,8944,1,5,11.728036844587175
1392,5,900,1967,1,864,900,769,7838,1,5,11.719939634354555
1393,6,1912,1905,2,482,1221,0,10800,2,7,12.0015054797889
1394,7,1500,2006,3,1356,1500,1070,4045,1,5,12.415433652431746
1395,8,2482,2005,3,1094,1133,0,12665,1,5,12.54686766829102
1396,5,1687,1948,2,747,1687,353,57200,1,5,11.982929094215963
1397,5,1513,1920,1,939,939,0,6120,1,8,11.831379196088763
1398,5,1904,1950,1,1208,1136,180,7200,1,4,11.835008964139341
1399,6,1608,1925,1,976,1160,264,6171,1,6,11.83101549359339
1400,6,1158,1929,1,862,950,0,6000,1,7,11.695247021764184
1401,6,1593,2004,2,839,864,759,7415,1,5,12.170445467887022
1402,7,1294,2006,2,1286,1294,0,6762,1,5,12.174989532116426
1403,8,1464,2007,3,1485,1464,929,15256,1,5,12.552926520261092
1404,3,1214,1915,3,672,694,0,10410,1,4,11.56171562913966
1405,8,1646,2004,2,1594,1646,1373,3842,1,5,12.524526376648708
1406,5,768,1972,2,768,768,656,8445,1,7,11.79810440720389
1407,5,833,1985,0,833,833,625,8780,1,5,11.626254150277232
1408,4,1363,1910,2,622,741,0,7740,1,7,11.740061037553975
1409,7,2093,1986,2,791,1236,0,20544,1,6,12.2783933071098
1410,7,1840,2001,2,944,944,666,12420,1,5,12.345834587905333
1411,6,1668,1950,1,856,1112,120,9600,1,8,11.84939770159144
1413,8,1844,2005,2,1844,1844,976,10994,1,5,12.456831363877356
1414,6,1848,1923,2,833,1053,0,13053,1,7,12.240474072247506
1415,7,1569,2007,3,1386,1569,988,3635,1,5,12.077670930725649
1416,4,2290,1885,2,777,1246,0,11340,1,6,11.715866308966918
1417,8,2450,1998,3,1284,1310,781,16545,1,5,12.736700896592344
1418,5,1144,1963,1,1144,1144,25,9204,1,5,11.728036844587175
1419,6,1844,1969,2,1844,1844,1110,16381,1,5,12.314927050442256
1420,6,1416,1968,2,708,708,404,11700,1,6,12.100156419938624
1421,6,1069,1977,2,1069,1069,360,4043,1,5,11.755871643580617
1422,6,848,2003,2,848,848,686,4435,1,5,11.824079893607152
1423,6,2201,1966,2,697,1575,0,19690,1,7,12.524417279788771
1424,5,1344,1958,1,1024,1344,457,9503,1,5,11.877568578558138
1425,6,1252,1959,2,1252,1252,0,10721,1,6,11.863582336583399
1426,7,2127,1994,2,1223,1223,1000,10944,1,5,12.509874099861838
1427,5,1558,1945,1,913,1048,580,10930,1,6,11.84939770159144
1428,5,804,1940,1,788,804,510,7200,1,7,11.686878772093667
1429,6,1440,1981,2,1440,1440,678,12546,1,7,12.116694834378958
1430,5,1838,2005,2,732,734,0,21930,1,5,12.16597955196373
1431,6,958,1976,2,958,958,958,4928,1,6,11.875830958659597
1432,4,968,1927,1,656,968,0,10800,1,6,11.074420502783864
1433,6,1792,2000,2,936,962,0,10261,1,5,12.136186518066006
1434,5,1126,1977,2,1126,1126,936,17400,1,5,11.982929094215963
1435,6,1537,1962,2,1319,1537,0,8400,1,9,12.066810578196666
1436,4,864,1971,2,864,864,616,9000,1,6,11.699405031912846
1437,8,1932,2008,3,1932,1932,1336,12444,1,5,12.885670953244288
1438,6,1236,1957,2,912,1236,600,7407,1,7,11.91638857040772
1439,7,1725,1979,2,539,1040,315,11584,1,6,12.190959007720126
1440,6,2555,1922,2,588,1423,0,11526,1,7,12.160028707028767
1441,6,848,2004,2,848,848,697,4426,1,5,11.913712983527281
1442,10,2007,2008,3,1017,1026,765,11003,1,5,12.644327576461329
1443,6,952,1916,1,952,952,0,8854,2,6,11.703545824578878
1444,7,1422,2004,2,1422,1422,0,8500,1,5,12.098487434850236
1445,6,913,1966,1,814,913,187,8400,1,5,11.76756768334381
1446,5,1188,1962,1,1188,1188,593,26142,1,7,11.969717200243734
1447,8,2090,1995,2,1220,1220,1079,10000,1,5,12.388394202324129
1448,4,1346,1910,1,560,796,0,11767,2,7,11.626254150277232
1449,5,630,1970,0,630,630,553,1533,1,7,11.429543856031177
1450,5,1792,1974,0,896,896,0,9000,1,5,11.820410164718188
1451,8,1578,2008,3,1573,1578,0,9262,1,5,12.567551034433226
1452,5,1072,2005,2,547,1072,547,3675,1,5,11.884489021402711
1453,5,1140,2006,0,1140,1140,0,17217,1,5,11.344506813345266
1454,7,1221,2004,2,1221,1221,410,7500,1,5,12.128111104060462
1455,6,1647,1999,2,953,953,0,7917,1,5,12.072541252905651
1457,7,2340,1941,1,1152,1188,275,9042,1,9,12.493129522588037
1458,5,1078,1950,1,1078,1078,49,9717,1,6,11.864462231052837
1459,5,1256,1965,1,1256,1256,830,9937,1,6,11.901583454762012
