,OverallQual,GrLivArea,GarageCars,TotalBsmtSF,GarageArea,1stFlrSF,YearBuilt,BsmtFinSF1,LotArea,OverallCond,SalePrice_log
0,7,1710,2,856,548,856,2003,706,8450,5,12.247694320220994
1,6,1262,2,1262,460,1262,1976,978,9600,8,12.109010932687042
2,7,1786,2,920,608,920,2001,486,11250,5,12.31716669303576
3,7,1717,3,756,642,961,1915,216,9550,5,11.84939770159144
4,8,2198,3,1145,836,1145,2000,655,14260,5,12.429216196844383
5,5,1362,2,796,480,796,1993,732,14115,5,11.870599909242044
6,8,1694,2,1686,636,1694,2004,1369,10084,5,12.634603026569334
7,7,2090,2,1107,484,1107,1973,859,10382,6,12.206072645530174
8,7,1774,2,952,468,1022,1931,0,6120,5,11.77452020265869
9,5,1077,1,991,205,1077,1939,851,7420,6,11.678439903447801
10,5,1040,1,1040,384,1040,1965,906,11200,5,11.771436160121729
11,9,2324,3,1175,736,1182,2005,998,11924,5,12.751299696013497
12,5,912,1,912,352,912,1962,737,12968,6,11.877568578558138
13,7,1494,3,1494,840,1494,2006,0,10652,5,12.540757571577291
14,6,1253,1,1253,352,1253,1960,733,10920,5,11.964001084330445
15,7,854,2,832,576,854,1929,0,6120,8,11.790557201568507
16,6,1004,2,1004,480,1004,1970,578,11241,7,11.911701584927597
18,5,1114,2,1114,576,1114,2004,646,13695,5,11.976659481202368
19,5,1339,1,1029,294,1339,1958,504,7560,6,11.842229212112828
20,8,2376,3,1158,853,1158,2005,0,14215,5,12.692503112461443
21,7,1108,1,637,280,1108,1930,0,7449,7,11.845102777308561
23,5,1060,2,1040,572,1060,1976,840,4224,7,11.77452020265869
24,5,1060,1,1060,270,1060,1968,188,8246,8,11.944707881395766
25,8,1600,3,1566,890,1600,2007,0,14230,5,12.454103912352162
26,5,900,2,900,576,900,1951,234,7200,7,11.811547477460344
27,8,1704,3,1704,772,1704,2007,1218,11478,5,12.631340380934517
28,5,1600,1,1484,319,1600,1957,1277,16321,6,12.24288661865289
29,4,520,1,520,240,520,1927,0,6324,6,11.134589024250317
30,4,1317,1,649,250,649,1920,0,8500,4,10.596634733096073
31,5,1228,1,1228,271,1228,1966,0,8544,6,11.914047823644255
32,8,1234,2,1234,484,1234,2007,0,11049,5,12.100156419938624
33,5,1700,2,1398,447,1700,1959,1018,10552,5,12.016726473799254
34,9,1561,2,1561,556,1561,2005,1153,7313,5,12.533576212168626
35,8,2452,3,1117,691,1132,2004,0,13418,5,12.641096555879882
36,5,1097,2,1097,672,1097,1994,0,10859,5,11.884489021402711
37,5,1297,2,1297,498,1297,1954,1213,8532,6,11.938193200374572
38,5,1057,1,1057,246,1057,1953,731,7922,7,11.59910316121128
40,6,1324,2,1088,440,1324,1965,643,8658,5,11.982929094215963
41,5,1328,1,1350,308,1328,1959,967,16905,6,12.043553716032399
42,5,884,2,840,504,884,1983,747,9180,7,11.877568578558138
43,5,938,1,938,308,938,1975,280,9200,6,11.777210959615614
44,5,1150,1,1150,300,1150,1959,179,7945,6,11.856515169360305
45,9,1752,2,1752,576,1752,2005,456,7658,5,12.675763725937609
46,7,2149,2,1434,670,1518,2003,1351,12822,5,12.387085012375499
47,8,1656,3,1656,826,1656,2006,24,11096,5,12.428015476267865
48,4,1452,0,736,0,736,1920,0,4456,5,11.635143097694478
49,5,955,1,955,386,955,1966,763,7742,7,11.751942365440728
50,6,1470,2,794,388,794,1997,182,13869,6,12.083905011555967
51,6,1176,2,816,528,816,1934,0,6240,6,11.648330101976432
52,5,816,2,816,516,816,1963,104,8472,5,11.608235644774552
53,9,1842,3,1842,894,1842,1981,1810,50271,5,12.86099861326992
54,5,1360,2,384,572,1360,1955,384,7134,5,11.77528972943772
55,6,1425,2,1425,576,1425,1964,490,10175,5,12.103486056755072
56,8,1739,2,970,480,983,1999,649,2645,5,12.058152515453552
57,7,1720,2,860,565,860,2004,0,11645,5,12.188417710291453
58,10,2945,3,1410,641,1426,2006,0,13682,5,12.991753427493052
59,5,780,1,780,352,780,1972,632,7200,7,11.73526869611367
60,6,1158,2,1158,576,1158,2004,941,13072,5,11.970350312009105
61,5,1111,1,530,288,581,1920,0,7200,7,11.522875795823397
62,8,1370,2,1370,484,1370,2006,24,6442,5,12.218495165528731
63,7,1710,2,576,480,902,1921,0,10300,6,11.84939770159144
64,7,2034,2,1057,645,1057,1997,739,9375,5,12.299107511497363
65,8,2473,3,1143,852,1143,2004,0,9591,5,12.666657052859417
67,7,1479,2,1453,558,1479,2003,1013,10665,5,12.328290278254423
68,4,747,1,747,220,747,1945,0,4608,6,11.289781913656018
69,7,2287,2,1304,667,1304,1953,603,15593,4,12.323855681186558
71,4,845,2,845,360,845,1982,565,7599,6,11.771436160121729
72,7,1718,2,832,427,885,1998,0,10141,5,12.128111104060462
73,5,1086,2,1086,490,1086,1954,320,10200,7,11.883799128308773
74,3,1605,1,840,379,840,1915,0,5790,6,11.584315461056901
75,4,988,1,462,297,526,1973,462,1596,5,11.418614785498987
76,4,952,1,952,283,952,1956,228,8475,7,11.818570237796182
77,5,1285,1,672,240,1072,1948,336,8635,5,11.751942365440728
79,5,1230,2,440,440,682,1910,0,10440,6,11.608235644774552
80,6,2142,1,896,509,1182,1968,448,13000,6,12.173032791451973
81,6,1337,2,1237,405,1337,1998,1201,4500,5,11.941455846009388
82,8,1563,3,1563,758,1563,2007,33,10206,5,12.409013489526863
83,5,1065,2,1065,461,1065,1960,0,8892,5,11.747997587149712
84,7,1474,2,384,400,804,1995,0,8530,5,12.034691028774553
85,8,2417,2,1288,462,1301,1991,0,16059,5,12.468436909997665
86,6,1560,2,684,400,684,2005,0,11911,5,12.066810578196666
87,6,1224,2,612,528,612,2009,0,3951,5,12.010665849187564
88,3,1526,0,1013,0,1013,1915,0,8470,2,11.350406535472453
89,4,990,0,990,0,990,1994,588,8070,5,11.724805824005728
91,5,1235,2,1235,480,1235,1961,600,8500,3,11.498826540590727
92,5,964,2,876,432,964,1921,713,13360,7,12.004568269319446
93,6,2291,2,1214,506,1260,1910,1046,7200,6,11.804848531679264
94,6,1786,2,824,684,905,1997,648,9337,5,12.229545001715316
95,6,1470,2,680,420,680,1993,310,9765,8,12.128111104060462
96,7,1588,2,1588,472,1588,1999,1162,10264,5,12.273731294003989
97,4,960,1,960,432,960,1965,520,10921,5,11.458997122944673
98,5,835,1,458,366,835,1920,108,10625,5,11.326595886778735
99,4,1225,0,950,0,1225,1959,569,9320,5,11.76718001130949
100,6,1610,2,1610,480,1610,1977,1200,10603,7,12.230765258120545
101,6,1732,2,741,476,977,1985,0,9206,5,12.089538829274222
103,7,1226,3,1226,740,1226,2009,0,10402,5,12.200557464842063
104,7,1818,1,1040,240,1226,1931,224,7758,4,12.040608205802641
105,8,1992,2,1053,648,1053,2003,0,9375,5,12.429216196844383
106,4,1047,1,641,273,1047,1885,0,10800,7,11.512925464970229
107,5,789,1,789,250,789,1948,104,6000,5,11.652687407345388
108,5,1517,0,793,0,997,1919,0,8500,7,11.652687407345388
109,6,1844,2,1844,546,1844,1977,705,11751,6,12.154779351142624
110,6,1855,1,994,325,1216,1954,444,9525,4,11.82700601127654
111,7,1430,2,384,400,774,2000,250,7750,5,12.100712129872347
112,7,2696,3,1264,792,1282,2007,984,9965,5,12.858319703517948
114,6,2320,1,1028,180,1436,1945,774,7259,8,12.46651198158808
115,6,1458,2,729,440,729,1999,419,3230,5,12.078239274020289
116,5,1092,1,1092,288,1092,1962,170,11616,5,11.842229212112828
117,5,1125,2,1125,430,1125,2006,0,8536,5,11.951180395901384
118,7,3222,3,1673,594,1699,1990,1470,12376,5,12.676076274775909
119,6,1456,2,728,390,728,2005,0,8461,5,12.007560729337492
120,6,988,2,938,540,988,1969,938,21453,5,12.100712129872347
121,4,1123,1,732,264,772,1939,0,6060,5,11.512925464970229
122,6,1080,1,1080,288,1080,1958,570,9464,7,11.820410164718188
123,6,1199,2,1199,530,1199,1993,300,7892,5,11.94405831982697
124,6,1586,2,1362,435,1586,1979,0,17043,5,12.106252310247962
125,6,754,0,520,0,520,1935,490,6780,8,11.344506813345266
126,6,958,2,1078,440,958,1976,120,4928,5,11.759785542901755
127,5,840,0,672,0,840,1930,116,4388,7,11.37366339763672
128,6,1348,2,660,453,660,1966,512,7590,5,11.951180395901384
129,5,1053,2,1008,750,1053,1958,567,8973,7,11.918390573078392
130,7,2157,2,924,487,1216,1966,445,14200,6,12.328290278254423
131,6,2054,2,992,390,1022,2000,695,12224,5,12.404923504275338
132,5,1327,2,1063,624,1327,1959,405,7388,6,11.923378114589433
133,8,1296,2,1267,471,1296,2001,1005,6853,5,12.301382825334498
134,5,1721,2,1461,440,1721,1968,570,10335,6,12.100712129872347
135,7,1682,2,1304,530,1682,1970,0,10400,6,12.066810578196666
136,5,1214,1,1214,318,1214,1967,695,10355,5,11.870599909242044
138,8,1852,3,1004,660,1004,1999,668,9066,5,12.345834587905333
139,6,1764,2,928,470,928,1997,821,15426,5,12.352335152508426
140,4,864,0,864,0,864,1971,432,10500,5,11.652687407345388
141,7,1734,2,1734,660,1734,2005,1300,11645,5,12.468436909997665
142,5,1385,2,910,720,910,1952,507,8520,4,12.01974306733868
143,7,1501,2,1490,577,1501,1999,679,10335,5,12.225875272826354
144,5,1728,2,1728,504,1728,1963,1332,9100,5,11.736069016284437
145,6,1709,2,970,380,970,2004,0,2522,5,11.77528972943772
146,5,875,1,715,180,875,1931,209,6120,7,11.56171562913966
147,7,2035,2,884,434,884,2001,0,9505,5,12.312682380588432
148,7,1080,0,1080,0,1080,2004,680,7500,5,11.856515169360305
149,5,1344,1,896,240,896,1936,0,6240,4,11.652687407345388
150,5,969,2,969,440,969,1975,716,10356,6,11.711776323715394
151,8,1710,3,1710,866,1710,2007,1400,13891,5,12.827729194939907
152,6,1993,2,825,495,1097,1971,416,14803,5,12.154779351142624
153,6,1252,2,1602,564,1252,1960,429,13500,7,12.367340793126296
154,6,1200,1,1200,312,1200,1923,0,11340,5,11.736069016284437
155,6,1096,0,572,0,572,1924,0,9600,5,11.27720313144916
157,8,1968,3,774,680,774,2009,0,12003,5,12.504323669331189
158,7,1947,2,991,678,991,2004,222,12552,5,12.448626590364206
159,7,2462,2,1392,576,1392,2005,57,19378,5,12.676076274775909
160,6,1232,2,1232,516,1232,1984,660,11120,6,11.998433280751929
161,9,2668,3,1572,726,1572,2003,1016,13688,5,12.929991484756872
162,7,1541,2,1541,532,1541,2005,1201,12182,5,12.301382825334498
163,4,882,0,882,0,882,1956,0,5500,6,11.544424132029599
164,6,1616,1,1149,216,1149,1926,370,5400,7,11.931635799828413
165,5,1355,0,644,0,808,1940,351,10106,7,11.755871643580617
166,5,1867,1,1617,303,1867,1955,379,10708,5,12.154779351142624
167,8,2161,3,1582,789,1610,2007,1288,10562,5,12.693498620467778
168,7,1720,2,840,440,840,2004,0,8244,5,12.119969946476761
170,5,1382,2,720,660,854,1941,360,12358,6,11.763684183317412
171,6,1656,2,1080,528,1656,1960,639,31770,5,12.2783933071098
172,7,1767,2,1064,504,1064,1987,495,5306,7,12.384218830913648
173,6,1362,2,1362,504,1362,1961,288,10197,5,12.0015054797889
174,6,1651,2,1606,616,1651,1986,1398,12416,5,12.122691036591123
176,6,2060,2,1151,521,1164,1988,831,10029,5,12.259613412458204
177,5,1920,2,1052,451,1252,1958,57,13650,5,12.058152515453552
179,5,968,2,968,480,968,1923,0,8520,6,11.512925464970229
180,6,1525,2,756,440,769,2000,436,2117,5,12.083905011555967
181,7,1802,1,793,216,901,1920,352,7588,6,12.206572520571825
183,7,2082,2,1362,484,1362,2003,0,11426,5,12.206072645530174
184,5,1252,2,504,576,936,1908,0,7438,8,11.751942365440728
185,10,3608,3,1107,840,1518,1892,0,22950,9,13.071070083016778
186,7,1217,2,1188,497,1217,1990,611,9947,5,12.061046873479915
187,5,1656,1,660,180,808,1916,0,10410,7,11.813030057420567
188,5,1224,2,1086,528,1224,1979,1086,7018,5,11.940393392554734
189,8,1593,2,1593,682,1593,2001,1153,4923,5,12.56374708980199
190,8,2727,2,853,440,1549,1932,297,10570,8,12.66032791780777
191,7,1479,2,725,484,725,1972,626,7472,9,12.122691036591123
192,7,1431,2,1431,666,1431,1999,560,9017,5,12.165250651009918
193,7,1709,2,970,380,970,2004,0,2522,5,11.77528972943772
194,5,864,1,864,352,864,1972,390,7180,7,11.751942365440728
195,6,1456,2,855,440,855,1976,566,2280,6,11.908340237224891
196,7,1726,3,1726,786,1726,2007,1126,9416,5,12.650348126203179
197,8,3112,2,1360,795,1360,1918,1036,25419,4,12.367340793126296
198,6,2229,0,755,0,929,1912,0,5520,6,11.55214617812351
199,8,1713,3,1713,856,1713,2004,1088,9591,5,12.524162674153336
200,4,1121,2,1121,440,1121,2003,0,8546,5,11.84939770159144
201,6,1279,2,1196,473,1279,1977,641,10125,6,12.052338545588132
202,6,1310,1,617,398,865,1924,617,7000,6,11.626254150277232
203,6,848,2,848,420,848,2004,662,4438,5,11.911701584927597
204,5,1284,1,720,240,720,1947,312,3500,7,11.608235644774552
205,7,1442,2,1424,500,1442,1990,0,11851,5,12.103486056755072
206,5,1696,1,1140,349,1696,1962,0,13673,5,11.876873892875459
207,4,1100,1,1100,312,1100,1960,419,12493,5,11.856515169360305
208,7,2062,2,1157,454,1180,1988,1065,14364,5,12.531772785169476
209,6,1092,2,1092,504,1092,1964,787,8250,7,11.884489021402711
210,5,864,0,864,0,864,1925,468,5604,6,11.49272275765271
211,6,1212,2,1212,460,1212,2009,36,10420,5,12.133501952695338
212,7,1852,2,900,644,932,2009,822,8640,5,12.439871229831715
213,5,990,2,990,576,990,1995,716,13568,5,11.957611286231675
214,6,1392,1,689,299,689,1977,378,10900,7,11.993807212363148
215,5,1236,1,1070,447,1236,1957,360,10011,6,11.80894766169701
216,7,1436,2,1436,484,1436,2004,946,8450,5,12.254862809699606
217,4,1328,1,686,210,810,1925,0,9906,4,11.580584113444043
218,7,1954,2,798,431,1137,1939,341,15660,9,12.649154617209645
219,7,1248,2,1248,438,1248,2005,16,3010,5,12.0271851854705
220,7,1498,2,1498,675,1498,2006,0,8990,5,12.230277334226992
221,6,2267,2,1010,390,1010,2002,0,8068,5,12.206072645530174
222,6,1552,2,713,434,811,1975,550,11475,6,12.100156419938624
223,4,864,2,864,576,864,1971,524,10500,6,11.48246625748552
225,5,1302,1,630,280,630,1971,0,1680,5,11.626254150277232
226,7,2520,3,1203,721,1214,1995,565,9950,5,12.577636201962656
227,6,987,1,483,280,483,1970,321,1869,6,11.571194373094205
228,5,912,1,912,336,912,1967,842,8521,5,11.736069016284437
229,7,1555,2,1373,430,1555,2005,16,3182,5,12.167851432709975
230,6,1194,1,1194,312,1194,1959,0,8760,6,11.904967552746252
231,8,2794,3,1462,810,1490,1995,689,15138,5,12.90669184092882
232,6,987,1,483,288,483,1972,0,1680,5,11.456355113481834
233,5,894,1,894,308,894,1976,182,10650,6,11.761346823468706
234,6,1960,2,860,440,860,2002,625,7851,5,12.285345826424681
235,6,987,1,483,264,483,1971,358,1680,3,11.401993904262946
236,7,1414,2,1414,494,1414,2004,24,8773,5,12.130810161029627
237,7,1744,2,996,457,1014,1993,402,9453,7,12.178187442040638
239,6,1487,1,735,220,798,1945,94,8741,4,11.635143097694478
240,8,1566,2,1566,750,1566,2008,1078,9000,5,12.478006361013815
241,5,866,0,686,0,866,1945,329,3880,9,11.612770799939945
242,5,1440,1,540,352,889,1900,0,5000,4,11.27720313144916
243,6,1217,1,626,288,626,1980,0,10762,6,11.695247021764184
244,7,2110,2,948,463,1222,1994,695,8880,5,12.230765258120545
245,7,1872,2,1845,604,1872,1988,929,10400,5,12.394624752074764
246,6,1928,1,1020,440,908,1910,0,9142,8,11.827736204810263
247,6,1375,2,1367,451,1375,1954,0,11310,5,11.84939770159144
248,7,1668,2,840,500,840,2003,0,11317,5,12.100712129872347
249,6,2144,2,1444,389,1444,1958,697,159000,7,12.531772785169476
250,3,1306,0,728,0,1306,1940,0,5350,2,11.245046019814627
251,8,1625,2,1573,538,1625,2006,1573,4750,5,12.367340793126296
252,6,1640,2,798,520,798,2004,0,8366,5,12.061046873479915
253,6,1302,1,1302,309,1302,1964,270,9350,7,11.970350312009105
254,5,1314,1,1314,294,1314,1957,922,8400,6,11.884489021402711
255,7,2291,2,975,429,1005,1999,0,8738,5,12.345834587905333
256,6,1728,2,864,673,864,2003,503,8791,5,12.24288661865289
257,7,1604,2,1604,660,1604,2006,1334,8814,5,12.301382825334498
258,7,1792,2,963,564,963,2001,361,12435,5,12.352335152508426
260,6,1382,2,1362,884,1382,1962,672,19296,5,12.078239274020289
261,8,2574,3,1482,868,1482,2007,0,9588,5,12.528156144699286
262,6,1212,2,506,492,1212,1977,506,8471,7,11.925035115797062
263,5,1316,2,926,484,926,1929,234,5500,7,11.77528972943772
264,5,764,2,680,504,764,1925,0,5232,5,11.198214720130528
265,6,1422,2,1422,576,1422,1981,588,12090,6,12.075394321888057
266,6,1511,2,802,413,802,1997,714,11207,5,12.128111104060462
267,5,2192,1,720,240,1052,1939,378,8400,8,12.097930486910471
268,5,778,1,740,924,778,1940,403,6900,6,11.699405031912846
269,6,1113,1,1143,504,1113,1976,751,7917,7,11.904967552746252
270,8,1939,3,1095,1053,1095,2006,0,10728,5,12.491251587763836
271,7,1363,2,1385,439,1363,1954,226,39104,7,12.394624752074764
272,8,2270,3,1152,671,1164,1999,524,11764,7,12.577636201962656
273,6,1632,1,1240,338,1632,1958,620,9600,6,11.842229212112828
274,5,816,1,816,264,816,1982,546,8314,7,11.732060994886899
275,7,1548,2,952,672,952,1925,0,7264,7,12.230765258120545
276,7,1560,2,1560,573,1560,2003,0,9196,5,12.211060187041213
277,4,864,2,864,400,864,1951,120,19138,5,11.856515169360305
279,7,2022,2,1160,505,1156,1977,392,10005,5,12.165250651009918
280,7,1982,2,807,575,1175,1989,421,11287,6,12.339291489316397
281,6,1262,2,1262,572,1262,2006,905,7200,5,12.128111104060462
282,7,1314,2,1314,626,1314,2007,904,5063,5,12.24288661865289
283,8,1468,3,1468,898,1468,2008,0,9612,5,12.407379502235209
284,6,1575,2,1575,529,1575,1992,430,8012,5,12.096257779522967
285,7,1250,2,625,528,625,2006,0,4251,5,12.011880916165731
286,6,1734,2,912,440,1085,1962,600,9786,7,11.976659481202368
287,4,858,0,858,0,858,1971,614,8125,4,11.385092093460344
288,5,900,1,882,280,900,1967,450,9819,5,11.711776323715394
289,6,1396,1,698,384,698,1915,0,8730,7,11.941944326032129
290,8,1919,2,1079,685,1079,2006,0,15611,5,12.359780370124389
291,5,1716,0,780,0,936,1912,210,5687,6,11.819674600139235
292,5,1716,1,768,281,1148,1949,292,11409,4,11.782952602183288
293,7,2263,2,795,539,1468,1977,795,16659,7,12.367340793126296
294,6,1644,2,1416,418,1644,1953,1285,9600,5,12.025749091398891
295,6,1003,2,1003,588,1003,1984,819,7937,6,11.867097278690842
296,5,1558,1,910,282,910,1950,420,13710,5,11.931635799828413
297,7,1950,2,975,576,975,1997,649,7399,5,12.384218830913648
298,6,1743,2,702,539,1041,1968,384,11700,6,12.072541252905651
299,6,1152,1,1092,300,1152,1950,0,14000,8,11.973509872299472
300,5,1336,1,1165,375,1336,1953,841,15750,5,11.964001084330445
301,8,2452,2,1028,683,1210,1998,281,16226,5,12.495003937382387
302,7,1541,3,1541,843,1541,2001,0,13704,5,12.230765258120545
303,5,894,2,894,552,894,1972,894,9800,7,11.917723684090689
304,7,3493,3,1470,870,1675,1880,0,18386,9,12.594730635321957
306,7,2243,3,700,746,1122,1990,700,13474,5,12.323855681186558
307,6,1406,0,319,0,1035,1920,0,7920,7,11.401993904262946
308,4,861,2,861,539,861,1940,262,12342,5,11.320553572322773
309,9,1944,3,1896,708,1944,2003,1274,12378,5,12.793859310432293
310,6,1501,2,697,420,697,1993,518,7685,5,12.017330520933296
311,6,972,1,972,240,972,1948,680,8000,6,11.790557201568507
312,5,1118,2,793,410,793,1939,507,7800,7,11.694413341015606
314,7,1641,2,728,546,832,1925,16,9600,7,12.089538829274222
315,7,1432,2,716,432,716,2004,425,7795,5,12.146853285870202
316,7,2353,2,845,484,1153,1980,692,13005,7,12.468436909997665
317,8,1959,3,1088,1025,1088,2006,0,9000,5,12.506177237980511
318,7,2646,3,1347,656,1372,1993,987,9900,5,12.468436909997665
319,7,1472,2,1372,588,1472,1980,1036,14115,5,12.141534124392603
320,9,2596,3,1249,840,1249,2006,0,16259,5,12.7444443677961
321,8,2468,3,1136,872,1136,2004,970,12099,5,12.777052192115912
322,7,2730,2,1502,576,1553,1986,28,10380,5,12.614865543731012
323,3,1163,1,1162,220,1163,1955,256,5820,8,11.745425111208464
324,7,2978,2,710,564,1898,1967,0,11275,7,12.396693005138824
325,5,803,2,720,360,803,1941,116,5000,6,11.37366339763672
326,8,1719,2,1719,473,1719,1993,1619,10846,5,12.688498794774466
327,6,1383,1,1383,292,1383,1960,565,11600,5,11.886211674714158
328,6,2134,2,844,441,1445,1916,0,11888,6,12.27606501735021
329,5,1192,1,596,189,596,1920,0,6402,5,11.26446410567173
330,5,1728,1,1728,352,1728,1964,40,10624,4,11.686878772093667
331,5,1056,1,1056,308,1056,1958,846,8176,6,11.842229212112828
333,7,1358,2,1358,484,1358,2004,720,8198,5,12.240474072247506
334,6,1638,2,943,472,943,1998,828,9042,5,12.165250651009918
335,5,1786,2,1499,529,1619,1965,1249,164660,6,12.341258918085241
336,9,1922,3,1922,676,1922,2005,1249,14157,5,12.841129801965447
337,7,1536,2,1536,532,1536,2002,810,9135,5,12.273731294003989
338,7,1621,2,1208,440,1621,1984,213,14145,7,12.218495165528731
339,6,1215,1,1215,297,1215,1958,585,12400,7,11.951180395901384
340,8,1908,2,967,431,993,2002,0,14191,5,12.220468525813907
341,4,841,1,721,294,841,1950,0,8400,4,11.314474526246391
343,9,1684,2,1684,564,1684,2005,28,8849,5,12.491251587763836
344,5,1112,1,536,336,536,1976,129,2592,3,11.350406535472453
345,6,1577,1,972,312,972,1939,0,6435,5,11.850825253582627
346,6,958,1,958,301,958,1960,498,12772,8,11.928340903931561
347,6,1478,2,1478,498,1478,1960,1270,17600,5,11.967180737247824
348,7,1626,2,764,474,764,2003,573,2448,5,11.944707881395766
349,9,2728,3,1848,706,1848,2005,1410,20431,5,12.988040814744458
351,7,1453,2,1453,445,1453,1986,1082,5271,5,12.154779351142624
352,5,1111,1,616,200,616,1941,236,9084,6,11.461632170582678
353,6,720,2,624,484,720,1928,0,8520,8,11.570250531589497
354,6,1595,1,940,240,1192,1940,388,8400,5,11.84939770159144
355,6,1200,2,1200,521,1200,1995,334,11249,5,12.086725887897607
356,6,1167,2,1158,400,1167,1992,560,9248,6,12.061046873479915
357,5,1142,2,1142,528,1142,1976,874,4224,5,11.805595078933049
358,5,1352,1,1062,288,1352,1958,300,6930,4,11.77528972943772
359,8,1924,2,1086,592,1086,1998,956,12011,5,12.542544882151386
360,6,912,2,888,470,912,1978,773,7540,6,11.957611286231675
361,5,1505,1,883,240,988,1940,399,9144,5,11.884489021402711
363,6,987,1,483,264,483,1972,162,1680,8,11.678439903447801
364,6,1574,2,796,566,790,1976,712,18800,5,12.154779351142624
365,5,1344,1,672,468,672,1920,456,10690,7,11.898187865760873
366,6,1394,2,1394,514,1394,1963,609,9500,5,11.976659481202368
367,6,1431,1,1099,296,1431,1962,371,9150,5,12.013700752882718
368,5,1268,1,1268,244,1268,1954,540,7800,6,11.790557201568507
369,5,1287,2,1063,576,1287,1959,72,9830,7,11.99535161421452
370,6,1664,2,953,460,953,2000,0,8121,5,12.05757263721173
372,6,752,1,744,264,752,1984,623,7175,5,11.736069016284437
373,5,1319,1,608,270,1319,1953,428,10634,6,11.719939634354555
374,7,1928,2,847,434,847,2003,0,8200,5,12.299107511497363
375,1,904,0,683,0,904,1922,350,10020,1,11.018629143155449
376,5,914,2,870,576,914,1996,298,8846,5,11.904967552746252
377,8,2466,2,1580,610,1580,2004,0,11143,5,12.736700896592344
378,9,1856,3,1856,834,1856,2010,1445,11394,2,12.885202034321916
379,6,1800,2,982,463,1007,2000,0,8123,5,12.095141084822892
380,5,1691,1,1026,308,1026,1924,218,5000,6,11.751942365440728
381,7,1301,2,1293,572,1301,2006,0,7200,5,12.142866569626381
382,7,1797,2,939,639,939,2006,0,9245,5,12.271392111650817
383,6,784,2,784,360,784,1928,0,9000,3,11.238488619268468
384,6,1953,2,1580,501,1079,1992,985,53107,5,12.388394202324129
385,8,1269,2,1256,430,1269,2004,24,3182,5,12.165250651009918
386,5,1184,0,658,0,658,1910,0,8410,3,11.302204433654575
387,6,1125,1,1041,352,1125,1976,631,7200,6,11.736069016284437
388,7,1479,2,1468,577,1479,1999,0,9382,5,12.160028707028767
389,10,2332,3,1682,846,1742,2007,1280,12474,5,12.962194625251508
390,5,1367,1,861,384,961,1900,241,8405,8,11.686878772093667
391,6,1961,2,804,560,804,2001,690,12209,5,12.2783933071098
393,4,788,0,788,0,788,1941,266,7446,5,11.512925464970229
394,5,1034,1,735,240,735,1940,0,10134,6,11.59910316121128
395,5,1144,1,1144,596,1144,1956,739,9571,6,11.76756768334381
396,5,894,2,894,600,894,1972,777,7200,5,11.719939634354555
397,5,1812,1,864,264,876,1962,540,7590,5,12.040608205802641
398,5,1077,1,961,338,1077,1920,0,8967,2,11.112447898373103
399,7,1550,2,1092,438,1112,2006,812,8125,5,12.392552212472792
400,8,1288,2,1260,500,1288,1996,786,14963,5,12.411052226216713
401,7,1310,2,1310,400,1310,2005,24,8767,5,12.01364014498549
402,5,672,1,672,240,672,1940,0,10200,8,11.589886506106357
403,8,2263,2,1141,420,1165,1998,0,12090,5,12.460714863903755
404,6,1572,2,806,373,806,1995,0,10364,5,12.031719258385396
405,4,1620,2,1281,490,1620,1976,1116,9991,4,11.918390573078392
406,6,1639,1,1064,240,1166,1936,0,10480,5,11.652687407345388
407,6,1680,1,840,308,840,1915,0,15576,7,12.083905011555967
408,7,2172,3,1063,947,1071,2006,0,14154,5,12.542544882151386
409,8,2078,3,1034,836,1050,2007,789,10800,5,12.73596533201339
410,5,1276,1,1276,350,1276,1958,0,9571,3,11.002099841204238
411,5,1056,2,1056,572,1056,1955,1056,34650,5,11.884489021402711
412,7,1478,2,1470,484,1478,2009,578,4403,5,12.310432660854417
413,5,1028,2,1008,360,1028,1927,0,8960,6,11.652687407345388
414,7,2097,3,1080,678,1080,1993,50,11228,5,12.337100907936577
415,7,1340,2,1340,396,1340,2007,24,8899,5,12.106992367829498
416,6,1400,2,672,440,672,1978,209,7844,7,11.915051671812877
417,6,2624,3,1370,864,1370,1918,1128,22420,6,12.384218830913648
418,5,1134,1,756,240,756,1940,312,8160,6,11.744037185933616
419,5,1056,1,1056,304,1056,1968,775,8450,6,11.863582336583399
420,7,1344,4,1344,784,1344,1997,1309,7060,5,12.237086699059343
421,6,1602,2,1602,529,1602,1977,1246,16635,7,12.2783933071098
422,5,988,2,988,520,988,1954,0,21750,5,11.635143097694478
423,8,2630,3,1470,696,1470,1998,986,9200,5,12.66032791780777
424,6,1196,1,1196,297,1196,1956,616,9000,5,11.842229212112828
425,7,1389,1,651,240,707,1946,0,3378,8,11.813030057420567
426,7,1644,2,1518,569,1644,1989,1518,12800,5,12.524526376648708
427,4,907,1,907,352,907,1957,288,8593,6,11.59917655301345
428,7,1208,2,1208,628,1208,2007,664,6762,5,12.182804018590819
429,6,1412,2,1392,576,1412,1988,1005,11457,5,12.072541252905651
430,6,987,1,483,264,483,1971,387,1680,5,11.355101379776661
431,6,1198,0,901,0,1088,1920,0,5586,7,11.288531131754366
432,5,1365,2,765,440,765,1971,471,1920,5,11.715866308966918
433,6,1604,2,926,470,926,1997,0,10839,5,12.106252310247962
434,4,630,0,630,0,630,1972,495,1890,7,11.302204433654575
435,7,1661,2,799,550,827,1996,385,10667,6,12.26434155365415
436,6,1118,2,648,440,734,1920,0,4400,8,11.661345470088502
437,6,904,1,884,180,904,1926,0,6000,7,11.686878772093667
438,5,694,1,440,352,694,1913,365,4280,6,11.411446296020374
439,6,1196,2,684,528,684,1920,0,12354,8,11.608235644774552
441,4,1440,0,1440,0,1440,1955,133,12108,4,11.678439903447801
442,5,1573,2,1078,360,1128,1930,0,6240,7,12.000891794590137
443,7,1258,3,1258,648,1258,2006,0,3922,5,12.058152515453552
444,7,1908,2,915,493,933,1994,642,8750,5,12.254862809699606
445,6,1689,2,1436,480,1689,1956,0,9855,5,11.755871643580617
446,6,1888,2,1517,578,1888,1966,247,16492,6,12.154779351142624
447,7,1886,2,930,431,956,1998,0,11214,5,12.205572520488492
448,6,1376,1,780,198,780,1937,0,8600,6,11.691071650353702
449,3,1183,1,649,308,679,1948,331,6000,7,11.695247021764184
450,6,813,1,813,270,813,1930,0,5684,8,11.608235644774552
451,7,1533,2,1533,576,1533,1975,655,70761,5,12.542544882151386
452,6,1756,2,872,422,888,1996,742,9303,5,12.225875272826354
453,8,1590,2,768,676,786,2008,0,9000,5,12.254862809699606
454,5,1728,2,1728,560,1728,1976,1606,9297,5,12.144197241812087
455,7,1242,2,1242,528,1242,1973,916,9600,6,12.075394321888057
456,5,1344,3,624,513,624,1916,0,4571,5,11.49272275765271
457,4,1663,2,1364,529,1663,1954,1116,53227,6,12.4529327234617
458,8,1666,1,588,228,833,1925,0,5100,7,11.9891596439666
459,5,1203,1,709,352,979,1950,185,7015,4,11.608235644774552
460,8,1935,2,832,552,832,2009,544,8004,5,12.481561937216318
461,7,1135,2,560,576,575,1936,350,7200,9,11.951180395901384
462,5,864,1,864,360,864,1965,553,8281,5,11.041048081342682
463,6,1660,1,715,240,849,1934,326,11988,7,12.147913731356642
464,5,1040,0,1040,0,1040,1978,616,8430,5,11.728036844587175
465,7,1414,2,1375,398,1414,2004,0,3072,5,12.093687514935382
466,7,1277,2,1277,526,1277,1970,778,10628,5,12.025749091398891
467,5,1644,1,728,312,888,1942,386,9480,7,11.894780707439258
468,8,1634,3,1626,866,1634,2006,0,11428,5,12.429216196844383
469,6,1710,2,832,506,832,1993,426,9291,5,12.138863895836725
470,8,1502,2,1488,528,1502,1985,368,6820,5,12.26434155365415
471,7,1969,2,808,534,1161,1977,0,11952,6,12.154779351142624
472,6,1072,2,547,525,1072,2005,459,3675,5,11.904967552746252
473,8,1976,3,1976,908,1976,2006,1350,14977,5,12.994530005894443
474,8,1652,2,1494,499,1652,2000,1196,5330,5,12.43320821811392
475,5,970,2,970,624,970,1963,630,8480,6,11.794337924408413
476,6,1493,2,1478,508,1493,1997,994,13125,5,12.249610947544657
478,8,1718,3,1705,826,1718,2007,1288,10637,5,12.601487417784837
479,4,1131,2,907,672,1131,1937,168,5925,7,11.401669829409995
480,9,1850,3,1833,772,1850,2004,1261,16033,5,12.694652660348845
481,9,1792,3,1792,874,1792,2003,1567,11846,5,12.832011076396668
482,7,1826,1,910,164,916,1915,299,2500,8,11.951180395901384
483,6,1216,2,1216,402,1216,1998,897,4500,5,12.007621706806335
484,5,999,1,999,264,999,1962,588,7758,7,11.794337924408413
485,5,1113,1,1113,264,1113,1950,607,9600,7,11.898187865760873
486,5,1073,2,1073,515,1073,1965,836,10289,7,11.957611286231675
487,5,1484,2,1484,487,1484,1971,998,12243,6,12.072541252905651
488,5,2414,2,954,520,1766,1900,664,10800,4,11.982929094215963
489,4,630,1,630,286,630,1970,515,1526,8,11.362102575235644
490,5,1304,1,264,336,616,1976,0,2665,6,11.652687407345388
491,6,1578,1,806,240,958,1941,403,9490,7,11.79810440720389
492,6,1456,2,728,429,728,2006,0,15578,5,12.059803326028716
493,5,1269,1,1269,308,1269,1960,374,7931,6,11.951180395901384
494,5,886,1,190,273,886,1938,0,5784,8,11.421906066583059
495,4,720,0,720,0,720,1920,495,7879,5,10.460242108190519
497,7,1820,1,1026,240,1133,1925,329,9120,6,12.122691036591123
498,5,899,1,864,288,899,1967,450,7800,7,11.77528972943772
499,5,912,1,912,297,912,1958,111,7535,7,11.695247021764184
500,6,1218,1,672,264,672,1973,356,1890,5,11.635143097694478
501,7,1768,2,866,603,866,2005,400,9803,5,12.33138283649562
502,5,1214,2,1214,461,1214,1965,698,9170,7,11.84939770159144
503,7,1801,2,1501,484,1801,1959,1247,15602,8,12.57418196709457
504,6,1322,2,855,440,855,1974,257,2308,5,11.898187865760873
505,5,1960,2,960,400,960,1952,0,7596,5,11.732060994886899
506,8,1911,2,777,471,1065,1993,380,9554,5,12.2783933071098
507,6,1218,2,1218,676,1218,2009,27,7862,5,12.246734627249063
508,7,1378,2,689,360,689,1928,141,9600,9,11.9891596439666
509,5,1041,1,1041,270,1041,1959,991,9600,6,11.732060994886899
510,5,1363,1,1008,288,1363,1951,650,14559,7,12.01309450854769
511,7,1368,2,1368,474,1368,2005,0,6792,5,12.219309648562168
512,5,864,2,864,624,864,1958,521,9100,5,11.77452020265869
513,6,1080,2,1084,484,1080,1983,336,9187,5,11.805595078933049
514,5,789,1,768,200,789,1926,0,10594,5,11.477298287327077
516,6,2119,2,689,583,1378,1972,0,10448,6,11.970350312009105
517,7,2344,3,1264,889,1277,1996,0,10208,5,12.487485104968359
518,6,1796,2,794,546,882,1998,706,9531,5,12.259613412458204
519,7,2080,1,1276,282,1276,1926,0,10918,9,12.363076394339839
521,6,1244,1,1244,336,1244,1957,777,11988,6,11.918390573078392
522,6,1664,2,1004,420,1004,1947,399,5000,7,11.976659481202368
524,7,2398,3,1379,834,1383,1996,719,11787,5,12.662706040212738
525,7,1266,2,1257,453,1266,2005,0,7500,5,12.078239274020289
526,5,928,1,928,252,928,1956,377,13300,7,11.790557201568507
527,9,2713,3,1452,858,1476,2008,1330,14948,5,13.008659261632127
528,4,605,0,528,0,605,1920,348,9098,7,11.362102575235644
530,6,1509,2,1461,600,1509,1988,783,10200,5,12.072541252905651
531,6,1362,2,611,502,751,1920,0,6155,8,11.759785542901755
534,8,1414,2,707,403,707,2004,0,9056,5,12.089538829274222
535,5,1347,0,1117,0,820,1910,969,7000,7,11.585246126549855
536,7,1724,2,880,527,880,1998,0,8924,5,12.144197241812087
537,4,864,2,864,576,864,1972,600,12735,5,11.619535200028487
538,5,1159,1,1051,336,1159,1968,673,11553,5,11.970350312009105
539,8,1601,2,1581,670,1601,2001,1358,11423,5,12.513557345278134
540,9,1838,3,1838,765,1838,2006,1260,14601,5,12.66032791780777
541,8,2285,3,969,648,997,2000,0,11000,5,12.421184025147118
542,7,1680,2,1650,583,1680,1998,144,10140,5,12.270220465353926
543,7,767,1,723,367,767,1998,584,4058,5,11.79810440720389
544,7,1496,2,654,426,664,2006,554,17104,5,12.09884928474215
545,7,2183,3,1204,786,1377,1988,1002,13837,5,12.341477282536376
546,6,1635,2,1065,440,915,1923,300,8737,7,12.254862809699606
547,5,768,2,768,624,768,1970,619,7244,7,11.771436160121729
548,5,825,2,825,720,825,1955,180,8235,7,11.736069016284437
549,7,2094,2,912,615,912,2003,0,9375,5,12.479909311159902
550,6,1069,2,1069,440,1069,1977,559,4043,6,11.84939770159144
551,5,928,1,928,288,928,1957,308,6000,6,11.630708500626612
554,7,2046,3,998,871,1006,2003,866,10625,5,12.556729517143344
555,5,1048,1,993,280,1048,1922,0,6380,6,11.635143097694478
556,5,1092,1,1092,299,1092,1957,895,14850,5,11.856515169360305
557,4,1336,1,637,570,897,1920,637,11040,6,11.589886506106357
558,7,1446,2,729,406,729,1996,604,21872,5,12.072541252905651
559,7,1557,2,1374,420,1557,2003,0,3196,5,12.363076394339839
560,5,1392,2,1392,528,1392,1957,1302,11341,6,11.70766954176274
561,5,1389,2,1389,418,1389,1974,1071,10010,5,12.043553716032399
562,5,996,0,996,0,996,1940,290,13907,6,11.589886506106357
563,6,1674,2,1163,396,1163,1918,0,21780,7,12.128111104060462
564,7,2295,2,1095,590,1166,1992,728,13346,5,12.498742259492994
565,6,1647,1,806,216,841,1915,0,6858,4,11.759785542901755
566,9,2504,3,1122,656,1134,2005,0,11198,5,12.691580461311874
567,7,1535,2,1517,532,1535,2004,2,10171,5,12.273731294003989
568,8,2132,2,1496,612,1496,1983,1441,12327,8,12.66539442642905
569,5,943,2,943,600,943,1979,943,7032,5,11.820116003810051
570,5,1728,2,1728,576,1728,1965,231,13101,5,11.867798786962332
571,6,864,1,864,288,864,1959,414,7332,6,11.695247021764184
572,7,1692,2,846,650,846,2009,0,13159,5,12.321630986164447
573,7,1430,2,384,400,774,2000,0,9967,5,12.043553716032399
574,5,1109,1,372,288,576,1971,349,10500,7,11.842229212112828
575,5,1216,1,832,336,832,1947,442,8480,5,11.682668239557323
576,7,1477,1,861,216,877,1928,0,6292,7,11.884489021402711
577,5,1320,2,1164,564,1320,1966,328,11777,6,12.010665849187564
578,7,1392,2,689,540,703,2007,0,3604,5,11.891361900690473
579,5,1795,1,1050,352,1050,1954,0,12150,5,11.786762130599957
580,6,1429,2,1144,572,1429,1960,594,14585,6,12.111212364506214
582,6,816,0,816,0,816,1990,816,11841,5,11.682668239557323
583,10,2775,2,1237,880,1521,1893,0,13500,9,12.691580461311874
584,4,1573,1,884,240,989,1935,0,6120,7,11.79810440720389
585,8,2028,3,1868,880,2028,2005,1460,11443,5,12.820987977820545
586,6,838,1,816,275,838,1918,210,10267,7,11.77528972943772
587,5,860,2,840,528,860,1982,672,8740,6,11.827736204810263
588,5,1473,1,1437,452,1473,1968,1324,25095,8,11.870599909242044
589,5,935,1,742,308,779,1930,0,9100,6,11.283512300642423
590,7,1582,2,770,520,770,2004,490,8320,5,12.132964173709535
591,10,2296,3,1722,842,1728,2008,1338,13478,5,13.021326833226556
592,5,816,2,816,816,816,1982,816,6600,8,11.835008964139341
593,6,848,2,848,420,848,2003,685,4435,5,11.84939770159144
594,5,924,1,924,280,924,1975,0,7990,6,11.608235644774552
595,8,1826,3,1814,758,1826,2005,1422,11302,5,12.672946381766982
596,6,1368,1,684,216,684,1910,0,3600,7,11.648365035864053
597,7,1402,3,1258,648,1402,2006,0,3922,5,12.17664898415669
598,5,1647,2,1430,621,1647,1977,1283,12984,6,12.289954129510877
599,6,1556,2,716,452,716,1980,81,1950,6,11.925035115797062
600,8,1904,2,1058,736,1058,2005,546,10927,5,12.524526376648708
601,6,1375,1,780,544,780,1937,0,9000,6,11.856515169360305
602,8,1915,2,908,506,927,1992,789,10041,5,12.301382825334498
603,7,1200,2,600,480,600,2004,0,3182,5,11.925035115797062
604,7,1494,2,1494,530,1494,2002,922,12803,5,12.30591798049989
605,7,1986,2,768,486,1186,1965,454,13600,6,12.230765258120545
606,5,1040,2,1040,576,1040,1996,732,12464,5,11.931635799828413
607,5,2008,1,896,230,1112,1948,603,7800,8,12.323855681186558
608,8,3194,2,965,380,1940,1934,428,12168,6,12.791356180214175
609,4,1029,1,1029,261,1029,1961,903,7943,5,11.682668239557323
610,9,2153,3,1440,736,1476,2000,904,11050,5,12.65395846952229
611,6,1032,2,1032,564,1032,1978,605,10395,6,11.904967552746252
612,8,1872,2,1299,531,1299,2001,990,11885,5,12.474189562487116
613,5,1120,0,1120,0,1120,2007,206,8402,5,11.898187865760873
614,4,630,0,630,0,630,1972,150,1491,6,11.231887935237117
615,6,1054,2,936,480,1054,1963,763,8800,7,11.831379196088763
616,6,1509,2,783,393,807,2002,457,7861,5,12.118333731222167
617,6,832,2,832,528,832,1954,0,7227,6,11.566466231898259
619,8,2262,3,1482,749,1482,2003,871,12244,5,12.628067055589549
620,3,864,0,864,0,864,1914,41,8248,3,11.112447898373103
621,6,2614,2,1522,624,1548,1974,956,10800,7,12.388394202324129
622,5,980,2,980,484,980,1977,560,7064,6,11.813030057420567
623,6,1512,2,756,440,756,2000,420,2117,5,12.034691028774553
624,6,1790,2,732,484,1012,1972,247,10400,5,12.014609430818936
625,6,1116,2,1116,440,1116,1962,0,10000,6,11.982929094215963
626,5,1422,1,978,286,1422,1960,0,12342,5,11.848683160653573
627,6,1520,1,1156,364,1520,1955,674,9600,6,11.938193200374572
628,5,2080,2,1040,504,1040,1969,650,11606,5,11.813030057420567
629,6,1350,2,1248,520,1350,1964,624,9020,5,12.034691028774553
630,5,1750,1,636,240,1089,1880,0,9000,6,11.728036844587175
631,8,1554,2,1554,627,1554,2006,24,4590,5,12.25247901834433
632,7,1411,2,1386,544,1411,1977,822,11900,5,11.320553572322773
633,5,1056,1,1056,260,1056,1954,480,9250,7,11.845102777308561
634,6,1056,2,1056,576,1056,1980,1056,6979,5,11.877568578558138
635,6,3395,0,1440,0,1440,1914,256,10896,7,12.206072645530174
636,2,800,0,264,0,800,1936,0,6120,3,11.002099841204238
637,5,1387,1,811,256,811,1954,0,6000,4,11.440354772135393
638,5,796,0,796,0,796,1910,0,8777,7,11.350406535472453
639,8,1567,3,1520,648,1567,2006,1154,3982,5,12.485827127509431
640,8,1518,2,1518,588,1518,2003,1218,12677,5,12.520883385370206
641,7,1929,2,1057,650,1057,2001,738,7050,5,12.328290278254423
642,8,2704,2,1952,538,2000,1972,1410,13860,7,12.751299696013497
643,5,1620,2,780,462,780,1969,493,10793,5,11.931635799828413
644,9,1766,3,1766,478,1766,2009,1121,9187,5,12.823628446539173
645,6,981,2,981,576,981,1971,282,10530,5,11.872346634576987
647,6,1094,2,1094,495,1094,1953,500,10452,5,11.951180395901384
648,6,1839,2,756,442,1051,1966,0,7700,5,11.951180395901384
649,4,630,0,630,0,630,1970,131,1936,6,11.344506813345266
650,7,1665,2,813,562,822,2007,0,8125,6,12.235388699864227
651,4,1510,1,755,296,755,1940,0,9084,5,11.589886506106357
652,7,1716,2,880,512,909,1996,0,8750,5,12.160028707028767
653,6,1469,1,756,216,756,1906,0,10320,7,11.813030057420567
655,6,1092,1,525,264,525,1971,0,1680,5,11.385092093460344
656,5,1053,1,1053,312,1053,1959,806,10007,7,11.887931365593685
657,7,1502,1,776,270,851,1931,0,7200,6,11.911701584927597
658,6,1458,1,912,330,912,1948,0,17503,5,11.487607656985938
659,5,1486,2,1486,480,1486,1964,637,9937,7,12.025749091398891
660,7,1935,2,793,550,1142,1976,0,12384,7,12.195517131590657
661,8,2448,3,1629,711,1686,1994,1361,46589,7,12.904207367601158
662,6,1392,2,1392,576,1392,1968,0,13560,3,11.608235644774552
663,4,1181,2,1138,588,1181,1972,920,10012,5,11.831379196088763
665,8,1936,2,1406,504,1454,2000,0,11194,5,12.348006141418841
666,6,2380,2,1021,596,1465,1965,187,18450,5,11.76756768334381
667,6,1679,2,1408,575,1679,1994,1138,8125,5,12.173032791451973
668,5,1437,2,1188,576,1437,1956,988,14175,6,12.031719258385396
669,4,1180,1,700,252,1180,1922,0,11600,5,11.831379196088763
670,6,1476,2,738,540,738,2005,193,8633,5,12.063932878369052
671,6,1369,1,672,300,697,1925,551,6629,6,11.54829260880752
672,6,1208,2,1208,546,1208,1977,767,11250,6,12.013700752882718
673,6,1839,2,1477,416,1839,1957,1186,14442,7,12.458774999085929
674,6,1136,1,1136,384,1136,1965,892,9200,6,11.84939770159144
675,6,1441,2,855,440,855,1978,311,2289,6,11.908340237224891
676,4,1774,3,1095,779,1095,1900,0,9600,2,11.37366339763672
677,5,792,1,768,240,792,1924,0,9022,8,11.603679828238693
679,5,988,2,988,572,988,1961,827,9945,5,11.763684183317412
680,6,923,1,923,264,923,1980,543,8012,5,11.870599909242044
681,5,1520,1,793,281,848,1932,182,4500,5,11.979385322467598
682,6,1291,2,1291,431,1291,1996,1003,2887,5,12.061046873479915
683,9,1668,3,1626,702,1668,2002,1059,11248,5,12.560244459250788
684,7,1839,2,1195,486,1195,1998,0,16770,5,12.30591798049989
685,7,2090,2,1190,577,1190,1984,828,5062,5,12.24288661865289
686,7,1761,2,874,578,874,2007,0,10207,6,12.336552511980964
687,7,1102,2,551,480,551,2004,239,5105,5,11.910358401381128
688,8,1419,2,1419,567,1419,2007,945,8089,6,12.8790171187726
689,6,1362,2,1362,460,1362,2005,20,7577,5,12.17921519136029
690,6,848,2,848,420,848,2004,697,4426,5,11.856515169360305
692,7,2519,2,1210,628,1238,1989,965,26178,5,12.721885810807203
693,5,1073,1,1073,326,1073,1921,0,5400,6,11.594321103174222
694,5,1539,2,927,576,1067,1936,0,6120,6,11.86005499606543
695,6,1137,2,1112,551,1137,1987,980,13811,6,12.078239274020289
696,5,616,1,616,205,616,1921,616,6000,7,11.396391648714276
697,5,1148,1,980,308,1148,1952,210,6420,7,11.72399643505017
698,5,894,1,894,336,894,1965,553,8450,8,11.83862560460953
699,7,1391,2,1391,530,1391,2004,16,4282,5,12.185869938212655
700,8,1800,3,1800,765,1800,2002,1274,14331,5,12.652359748158593
701,7,1164,2,1164,528,1164,1969,0,9600,5,11.84939770159144
702,8,2576,3,1234,666,1264,2006,0,12438,5,12.799175708864519
703,5,1812,2,360,672,1032,1900,0,7630,9,11.84939770159144
704,7,1484,2,1473,606,1484,2004,712,8400,5,12.269047444691562
706,7,1824,2,1643,739,1824,1971,1219,115149,5,12.618182296357007
707,8,1324,2,1324,550,1324,2006,863,6240,5,12.445089546000673
708,7,1456,2,728,400,728,2007,0,9018,5,12.09815330331068
709,5,904,1,876,408,904,1966,0,7162,7,11.607326140391713
710,3,729,0,270,0,729,1935,0,4130,6,10.858998997563564
711,4,1178,1,859,384,859,1900,0,8712,7,11.540307141711446
712,8,1228,2,1228,472,1228,1988,767,4671,5,12.14950229404178
713,4,960,2,960,576,960,1970,789,9873,5,11.76756768334381
714,6,1479,2,725,475,725,1976,533,13517,8,11.779128505744886
715,6,1350,2,1064,478,1350,1974,0,10140,5,12.013700752882718
716,7,2554,2,718,704,1576,1890,0,10800,8,11.979799201207037
717,5,1178,2,1176,439,1178,1973,1084,10000,6,11.964001084330445
718,7,2418,3,1311,983,1325,1993,1173,10542,5,12.739637756265655
719,5,971,1,971,300,971,1969,523,9920,6,11.763684183317412
720,8,1742,2,1742,564,1742,1985,1148,6563,5,12.524526376648708
721,6,848,2,848,420,848,2004,662,4426,5,11.870599909242044
722,4,864,2,864,463,864,1970,191,8120,7,11.732060994886899
723,4,1470,1,941,548,997,1954,0,8172,6,11.813030057420567
724,9,1698,3,1698,768,1698,2007,1234,13286,5,12.676076274775909
725,4,864,2,864,660,864,1970,375,6960,6,11.699405031912846
726,6,1680,2,880,540,1680,1988,808,21695,9,12.310432660854417
727,7,1232,2,1232,632,1232,2007,724,7314,5,12.178187442040638
728,5,1776,3,1584,888,1776,1958,0,11475,5,11.608235644774552
729,4,1208,2,780,539,848,1925,152,6240,5,11.542484267211773
730,8,1616,2,1595,608,1616,1995,1180,5389,5,12.373703486914124
731,7,1146,2,868,438,1146,2003,786,9590,5,12.141534124392603
732,7,2031,2,1153,541,1153,1998,252,11404,5,12.312682380588432
733,5,1144,1,864,264,1144,1961,594,10000,6,11.786001385032646
734,5,948,1,948,300,948,1968,0,8978,5,11.589886506106357
735,7,1768,2,880,320,880,1914,390,10800,7,12.0015054797889
737,8,1801,3,893,800,901,2005,0,10463,5,12.387977448827787
738,5,1200,0,1200,0,1200,1987,1200,10800,5,12.095141084822892
739,7,1728,2,864,572,864,2004,0,9313,5,12.154779351142624
740,5,1432,2,264,360,768,1910,0,9600,7,11.790557201568507
741,6,912,1,912,288,912,1961,832,6768,8,11.863582336583399
742,7,1349,2,1349,539,1349,2000,0,8450,5,12.095141084822892
743,5,1464,2,520,480,1464,1963,444,12886,6,12.072541252905651
744,8,1337,2,1337,462,1337,1993,733,5395,5,12.100712129872347
745,8,2715,2,1142,831,1175,1976,575,8963,9,12.610870864650634
746,7,2256,2,952,554,980,2000,300,8795,5,12.371587084007746
747,7,2640,4,1240,864,1320,1880,0,11700,7,12.491172637278908
748,7,1720,2,1720,527,1720,1996,919,10593,5,12.46997418931655
750,4,1140,0,576,0,792,1910,0,8800,7,11.477298287327077
751,7,1320,2,660,400,660,2003,0,7750,5,11.99535161421452
752,6,1494,2,1479,576,1494,1997,1200,9236,5,12.287652632522597
753,8,2098,3,1030,878,1038,2005,0,10240,5,12.526342907575106
754,6,1026,2,1026,440,1026,1969,439,7930,8,11.957611286231675
755,6,1471,2,729,440,742,1999,381,3230,5,12.058152515453552
756,8,1768,2,866,578,866,2007,20,10769,5,12.26434155365415
757,6,1386,2,672,440,672,1978,438,11616,5,11.976030352524807
758,7,1501,2,744,440,757,1999,549,2280,5,12.097373228606832
759,8,2531,3,1318,752,1328,1995,56,12257,5,12.577636201962656
760,6,864,1,864,300,864,1959,612,9100,6,11.755871643580617
761,5,1301,2,1145,440,1301,1924,405,6911,5,11.512925464970229
762,7,1547,2,756,614,764,2009,24,8640,5,12.279323107269766
763,8,2365,3,1252,856,1268,1999,1163,9430,5,12.727838209334498
764,8,1494,2,1494,481,1494,1995,437,9549,5,12.506177237980511
765,9,1506,2,1498,592,1506,2008,0,14587,5,12.484204257170104
766,7,1714,2,980,496,980,1988,394,10421,5,12.188417710291453
767,6,1750,1,983,423,983,1940,660,12508,7,11.982929094215963
769,8,3279,3,1650,841,1690,2003,1416,53504,5,13.195613839143922
770,5,858,2,858,576,858,1982,685,7252,5,11.812289042195847
771,4,1220,2,836,396,1220,1951,836,8877,5,11.532728092266408
772,6,1117,2,1029,672,1117,1976,422,7819,5,11.580584113444043
773,5,912,1,912,275,912,1958,456,10150,5,11.648330101976432
775,6,1204,2,1204,412,1204,1998,866,4500,5,11.99535161421452
776,7,1614,3,1614,865,1614,2005,20,11210,5,12.308177868467327
777,5,894,2,864,440,894,1974,762,13350,5,11.867097278690842
779,6,1004,2,975,504,1004,1977,975,10530,5,11.813030057420567
780,7,1253,2,1237,402,1253,1995,0,7875,5,12.078239274020289
781,6,1603,2,761,484,810,1992,387,7153,5,12.077670930725649
782,7,1430,2,1413,605,1430,2001,0,16285,5,12.139398512262181
783,5,1110,2,1097,602,1110,1978,1097,9101,6,12.016726473799254
784,6,1484,0,742,0,742,1914,0,6300,6,11.759785542901755
785,6,1342,2,1372,457,1342,1967,251,9790,5,11.992260421644849
786,5,1652,1,686,416,966,1915,686,10800,6,11.842229212112828
787,7,2084,2,956,618,956,2004,656,10142,5,12.358793732547838
788,4,901,1,901,281,901,1954,0,6000,7,11.588960151246226
789,6,2087,2,832,444,976,1966,568,12205,8,12.141534124392603
790,7,1145,2,1145,397,1145,2005,16,3182,5,11.984178313616395
791,6,1062,2,1029,539,1062,1976,539,11333,5,11.896826395162552
792,7,2013,2,1117,455,1127,1996,862,9920,5,12.50539915757667
793,8,1496,2,1496,474,1496,2007,0,9158,5,12.323855681186558
794,7,1895,2,712,409,1086,1994,0,10832,5,12.178187442040638
795,6,1564,2,650,476,888,1980,0,8400,6,12.049418835484797
796,6,1285,2,660,528,1285,1977,0,8197,5,11.874090314181814
797,5,773,1,773,240,773,1953,570,7677,5,11.608235644774552
799,5,1768,1,731,240,981,1937,569,7200,7,12.072541252905651
800,6,1688,2,616,603,616,1997,462,12798,5,12.206072645530174
801,4,1196,2,1196,440,1196,1916,197,4800,7,11.607326140391713
802,7,1456,2,728,410,728,2005,648,8199,5,12.14950229404178
804,5,1128,1,936,286,1128,1954,812,9000,5,11.678439903447801
805,7,1428,2,1417,554,1428,2008,0,12274,5,12.33569641332368
806,5,980,1,980,384,980,1967,400,9750,5,11.816726919301892
807,5,1576,2,1324,528,1072,1923,1309,21384,6,12.31716669303576
808,5,1086,2,1024,484,1086,1966,516,13400,5,11.982616545377663
809,5,2138,2,849,360,1075,1898,0,8100,5,11.571194373094205
810,6,1309,2,1040,484,1309,1974,663,10140,6,12.106252310247962
811,6,848,2,848,420,848,2004,662,4438,5,11.881034786534624
812,5,1044,2,540,504,1044,1952,0,8712,5,10.932981961904135
813,6,1442,1,1442,301,1442,1958,608,9750,6,11.969717200243734
814,5,1250,1,686,280,686,1918,0,8248,7,11.661345470088502
815,7,1661,2,1649,598,1661,1998,0,12137,5,12.323411137947407
816,5,1008,1,1008,275,1008,1954,486,11425,6,11.827736204810263
817,8,1689,3,1568,857,1689,2002,1218,13265,5,12.509874099861838
818,6,1052,2,1010,440,1052,1971,504,8816,7,11.951180395901384
819,7,1358,2,1358,484,1358,2009,733,6371,5,12.319401330837177
820,7,1640,2,798,595,798,2003,0,7226,5,12.117241431823558
821,4,936,2,936,576,936,1953,0,6000,4,11.440354772135393
822,7,1733,2,847,433,847,2003,0,12394,5,12.323855681186558
823,6,1489,1,778,240,944,1940,0,9900,7,11.845819880243557
824,8,1489,2,1489,776,1489,2006,0,11216,5,12.3570755190667
826,5,784,0,784,0,784,1924,784,6130,6,11.603679828238693
827,7,1434,2,1454,527,1434,2001,20,8529,5,12.14950229404178
828,5,2126,2,1013,538,1160,1967,249,28698,5,12.128111104060462
829,7,1223,2,600,480,520,2005,0,2544,5,11.900905258737373
830,6,1392,2,1392,458,1392,1957,1040,11900,5,12.01974306733868
831,7,1200,2,600,480,520,2005,0,3180,5,11.925035115797062
832,7,1829,2,941,613,941,2003,483,9548,6,12.375815420117268
833,6,1516,2,1516,472,1516,1964,196,10004,6,12.025749091398891
834,5,1144,2,1144,456,1144,1961,572,7875,6,11.8490404949436
835,4,1067,2,1067,436,1067,1950,442,9600,7,11.759785542901755
836,5,1559,2,1559,812,1559,1948,338,8100,6,11.941455846009388
837,6,987,1,483,264,483,1973,330,1680,5,11.512925464970229
838,5,1099,1,1099,352,1099,1995,0,9525,6,11.877568578558138
839,5,1200,1,768,240,768,1946,352,11767,6,11.779128505744886
840,6,1482,1,672,400,810,1925,156,12155,8,11.84939770159144
841,5,1539,2,650,686,958,1904,0,10440,8,11.967180737247824
842,6,1165,2,1127,490,1165,1966,312,9020,7,12.071969661006694
844,5,1416,3,876,720,876,1915,0,12665,8,11.94405831982697
845,5,1701,2,1390,611,1701,1975,1390,16647,5,12.049418835484797
846,7,1775,2,740,425,1006,1993,513,9317,5,12.269047444691562
847,5,864,1,864,338,864,1972,460,15523,6,11.801856756822442
848,6,2358,2,907,360,1307,1908,0,45600,8,12.388394202324129
849,6,1855,2,528,512,1094,1976,0,9600,7,12.138863895836725
850,6,848,2,848,420,848,2003,659,4435,5,11.786762130599957
851,8,1456,2,1273,400,1456,2003,0,3196,5,12.2783933071098
852,7,1646,1,918,240,918,1941,364,7128,5,12.007621706806335
853,6,1445,2,1127,645,1445,1964,564,12095,6,11.970350312009105
854,5,1779,2,1763,454,1779,1955,306,17920,4,12.043553716032399
855,5,1040,1,1040,260,1040,1962,659,6897,8,11.751942365440728
856,6,1026,2,940,576,1026,1978,505,10970,6,11.898187865760873
857,6,1481,2,702,343,702,1994,0,8125,5,12.066810578196666
858,7,1370,2,1090,479,1370,1976,0,10400,5,11.931635799828413
859,6,2654,2,1054,619,1512,1968,619,11029,7,12.429216196844383
860,7,1426,1,912,216,912,1918,0,7642,8,12.154516158615772
861,5,1039,2,1039,504,1039,1965,841,11625,4,11.786762130599957
862,6,1097,2,1040,480,1097,1984,338,9672,5,11.931635799828413
863,5,1148,1,1148,672,1148,1959,1148,7931,5,11.794337924408413
864,7,1372,2,1372,529,1372,2007,0,8640,5,12.431533509799543
865,5,1002,2,1002,902,1002,1970,828,8750,6,11.908340237224891
866,8,1646,3,1638,870,1646,2006,0,10656,5,12.424806488355683
867,4,1120,2,1040,544,1120,1961,932,6970,5,11.76756768334381
869,7,1949,2,1050,574,1062,1993,750,9938,5,12.371587084007746
870,5,894,1,894,308,894,1962,0,6600,5,11.603679828238693
871,6,1682,2,804,523,804,1998,505,8750,5,12.20856952572876
872,5,910,2,105,414,910,1953,0,8892,7,11.661345470088502
873,5,1268,1,832,288,1036,1949,375,12144,7,11.79810440720389
874,5,1131,1,676,200,676,1941,0,5720,6,11.104957226643945
875,8,2610,2,1184,550,1184,2007,64,9000,5,12.623061104072981
876,4,1040,2,1064,648,1040,1963,633,25286,5,11.792449349720545
877,9,2224,3,1462,738,1462,2004,1170,8834,5,12.765688433465597
878,5,1155,2,1109,576,1155,1961,899,11782,7,11.904967552746252
879,5,864,1,864,336,864,1978,646,7000,8,11.824079893607152
880,5,1090,2,1090,450,1090,2005,980,7024,5,11.964001084330445
881,7,1717,2,1156,400,1187,1990,902,13758,5,12.141534124392603
882,6,1593,2,808,389,808,1992,0,9636,5,12.089538829274222
883,4,2230,1,795,440,954,1912,0,6204,5,11.682668239557323
884,5,892,1,892,288,892,1967,432,7150,5,11.512925464970229
885,9,1709,2,1698,506,1709,1999,1238,5119,5,12.703509032177148
886,5,1712,2,1626,588,1712,1959,528,8393,5,11.884489021402711
887,5,1393,1,816,300,872,1955,0,16466,7,11.816726919301892
889,6,1505,2,1505,505,1505,1953,1024,12160,4,11.915051671812877
890,5,924,2,672,576,672,1949,0,8064,7,11.719126295554126
891,6,1683,2,918,440,918,1978,226,11184,5,12.058152515453552
892,6,1068,1,1059,264,1068,1963,663,8414,8,11.947949375319936
893,5,1383,1,1383,354,1383,1954,1064,13284,5,12.013700752882718
895,6,1796,2,780,483,983,1963,400,7056,5,11.84939770159144
896,4,951,1,951,327,951,1936,285,8765,6,11.575900264131617
899,5,1236,1,912,288,1236,1961,465,6993,7,11.813030057420567
900,4,858,1,858,684,858,1971,322,7340,6,11.608235644774552
901,5,1306,1,992,756,1306,1957,860,8712,7,11.938193200374572
902,7,1509,2,783,393,807,2003,0,7875,5,12.100712129872347
903,7,1670,3,1670,690,1670,2006,0,14859,5,12.388394202324129
904,5,902,1,876,288,902,1967,599,6173,6,11.740061037553975
905,5,1063,1,1056,280,1063,1954,354,9920,5,11.759785542901755
906,8,1636,3,1623,865,1636,2006,63,13501,5,12.449018824140563
907,7,2057,1,1017,180,1020,1936,223,11500,7,12.429216196844383
908,5,902,2,864,484,902,1983,301,8885,5,11.782952602183288
909,6,1484,2,742,390,742,2005,0,12589,5,12.066810578196666
910,5,2274,2,1105,480,1105,1960,443,11600,5,11.946654038351252
911,5,1268,1,1268,252,1268,1977,196,9286,7,11.874090314181814
912,5,1015,1,768,450,1015,1925,489,6120,7,11.385092093460344
913,5,2002,3,1001,871,1001,1949,284,6270,6,11.884489021402711
914,6,1224,2,612,528,612,2009,294,3000,5,12.065274916913605
915,4,1092,1,546,286,546,1970,0,2001,5,11.225243392518447
916,2,480,1,480,308,480,1949,50,9000,3,10.47194980911048
917,4,1229,1,1134,284,1229,1956,1059,17140,6,11.813030057420567
918,7,2127,3,1104,833,912,1991,48,13125,5,12.380025952653611
919,6,1414,2,1184,601,1414,1958,528,11029,8,12.081076155355488
920,6,1721,2,928,471,936,1994,814,8462,5,12.211060187041213
921,5,2200,0,1272,0,1272,1900,1084,8777,7,11.890676734510876
922,6,1316,2,1316,397,1316,2005,28,10237,5,12.043494890772815
923,6,1617,2,1604,533,1617,1993,165,8012,5,12.170445467887022
924,6,1686,2,1686,612,1686,1980,625,10240,6,12.24288661865289
925,5,1126,2,1126,540,1126,1977,767,15611,6,12.072541252905651
926,8,2374,3,1181,656,1234,2003,0,11999,5,12.560244459250788
927,7,1978,2,832,486,1098,1968,552,9900,5,12.078239274020289
929,7,2236,2,964,642,993,1997,0,13006,5,12.310432660854417
930,8,1466,3,1466,610,1466,2007,16,8925,5,12.211060187041213
931,5,925,1,925,429,925,1965,338,9100,6,11.67419361256635
933,7,1500,2,1500,570,1500,2004,20,8487,5,12.154779351142624
935,4,747,2,600,528,747,1926,0,5825,5,11.288531131754366
936,7,1200,2,1176,555,1200,2003,833,10083,5,12.127570417375216
937,7,1971,2,1113,689,1113,2005,341,9675,5,12.441144767709657
938,7,1962,3,1391,868,1391,2006,464,8760,5,12.38755635142507
939,7,2403,1,1032,349,1207,1940,0,24090,7,12.406561506279576
940,6,1728,2,1728,574,1728,1976,936,12640,5,11.924372644755941
941,7,2060,2,992,390,1022,1999,772,8755,5,12.273731294003989
942,4,1440,0,1440,0,1440,1977,1440,7711,3,11.918390573078392
943,5,1632,2,1632,576,1632,1967,0,25000,4,11.870599909242044
944,6,1344,2,819,525,1344,1958,111,14375,6,11.831379196088763
945,5,1869,2,1088,456,1188,1890,1088,8820,6,11.73526869611367
946,5,1144,1,1144,796,1144,1959,748,8163,6,11.870599909242044
947,8,1629,3,1616,808,1629,2002,1300,14536,5,12.506177237980511
948,7,1776,2,936,474,936,2002,0,14006,5,12.167851432709975
949,6,1381,2,1161,676,1381,1972,982,9360,7,12.193493863323313
950,5,864,2,864,720,864,1950,398,7200,8,11.76756768334381
951,5,965,1,828,300,965,1965,641,7800,5,11.694413341015606
952,5,768,1,768,396,768,1972,660,7200,8,11.804848531679264
953,5,1968,2,784,530,1168,1969,562,11075,4,12.05524975579559
954,6,980,0,945,0,980,1975,945,9400,5,11.755871643580617
955,6,1958,2,979,492,979,1946,484,7136,6,11.884489021402711
956,6,1229,2,561,462,561,1980,285,1300,6,11.728036844587175
957,5,1057,2,1057,576,1057,1962,417,7420,5,11.790557201568507
958,7,1337,2,1337,531,1337,2003,699,8450,5,12.128111104060462
959,7,1416,2,696,484,696,1999,604,2572,5,11.951180395901384
960,5,858,0,858,0,858,1958,696,7207,7,11.665646551987892
961,6,2872,2,1330,619,1542,1977,896,12227,7,12.513557345278134
962,6,1548,2,804,440,804,1976,556,2308,6,11.951180395901384
964,7,1894,2,817,510,824,2002,624,11316,5,12.277928082630602
965,6,1484,2,783,393,783,2005,0,10237,5,12.09458226949681
966,5,1308,1,728,256,976,1940,428,9600,7,11.982929094215963
967,5,1098,1,1098,260,1098,1955,902,7390,7,11.813030057420567
968,3,968,0,600,0,600,1910,0,5925,6,10.542706391070517
969,6,1095,1,588,264,1095,1958,513,10382,5,11.84939770159144
970,4,1192,0,720,0,720,1949,0,10800,4,11.813030057420567
971,7,1626,2,764,474,764,2003,567,2268,5,12.061046873479915
972,6,918,1,918,264,918,1979,0,7892,5,11.507912923146684
973,7,1428,2,1428,480,1428,2007,0,11639,5,12.111761966058932
974,7,2019,2,728,532,1136,1910,0,11414,8,12.028738630247258
975,7,1382,2,673,490,673,2000,641,2651,5,12.013700752882718
976,4,869,0,440,0,869,1923,0,5900,7,11.356271654924852
977,7,1241,2,1241,569,1241,2006,1106,4274,5,12.205572520488492
978,4,894,2,894,400,894,1954,552,9450,5,11.608235644774552
979,5,1121,2,1121,480,1121,1963,651,8816,6,11.842229212112828
980,7,999,2,944,588,999,1961,867,12122,9,12.091783499128047
981,8,2612,3,1225,676,1276,1998,854,12203,5,12.724866438945341
982,7,1266,2,1266,388,1266,2007,0,3182,5,11.982272628789678
983,8,2290,2,1128,779,1149,2002,0,11250,5,12.45254202214788
985,5,1164,1,1164,240,1164,1950,1040,10880,5,11.736069016284437
986,6,1635,1,485,255,1001,1910,0,5310,8,11.669929213779893
987,9,1940,3,1930,606,1940,2009,1646,10159,5,12.88712700173598
988,6,2030,2,848,551,1118,1976,156,12046,6,12.180754837545884
989,7,1576,2,770,614,778,2006,0,8125,5,12.190959007720126
990,8,2392,3,1396,870,1407,1997,1074,9452,5,12.759957758756611
991,8,1742,2,916,424,916,1882,216,17671,9,12.031719258385396
992,6,1851,2,822,440,1020,1964,536,9760,8,12.138863895836725
993,6,1500,2,750,564,750,2005,0,8846,5,12.066235700342375
994,10,1718,3,1700,786,1718,2006,1172,12456,5,12.729320789294722
995,4,1230,1,747,305,774,1946,384,4712,7,11.708492248514204
996,5,1050,1,1050,368,1050,1961,915,10659,6,11.824079893607152
997,6,1442,2,1442,615,1442,1970,0,11717,6,12.128111104060462
998,3,1077,1,1007,210,1077,1922,0,9786,4,11.418614785498987
999,7,1208,2,1187,632,1208,2006,686,6762,5,12.235631447771718
1001,5,691,1,691,216,691,1920,0,5400,6,11.362102575235644
1002,8,1574,3,1574,824,1574,2006,24,11957,5,12.354492650648448
1003,5,1680,2,1680,528,1680,1976,0,11500,6,11.827042533619087
1004,7,1504,2,1346,457,1504,2005,16,3182,5,12.106252310247962
1005,5,985,1,985,328,985,1977,595,8385,8,11.917723684090689
1006,6,1657,2,1657,484,1657,1970,1237,12155,3,12.004568269319446
1007,4,1092,1,546,286,546,1970,273,2217,4,11.385092093460344
1009,5,1522,0,1008,0,1008,1926,0,6000,5,11.532728092266408
1010,5,1271,1,720,312,720,1948,0,21286,5,11.813030057420567
1012,6,1502,1,602,180,900,1923,0,10592,7,12.013700752882718
1013,5,1022,1,1022,280,1022,1910,247,7200,4,11.350406535472453
1014,6,1082,1,1082,240,1082,1948,336,11664,5,11.688558033613386
1015,8,1665,2,810,528,810,2001,643,8400,6,12.332705296463539
1016,7,1504,2,1504,478,1504,1996,690,11883,5,12.220961258023925
1017,8,1360,2,1220,565,1360,1984,1036,5814,5,12.141534124392603
1018,7,1472,2,384,402,802,1991,0,10784,5,11.982929094215963
1019,7,1506,2,1362,440,1506,2005,16,3013,5,12.27134527214637
1020,4,1132,2,1132,451,1132,2005,1024,7024,5,12.078239274020289
1021,7,1220,2,1199,632,1220,2006,684,7406,5,12.175613438045465
1022,5,1248,1,912,160,912,1930,324,9439,5,11.37366339763672
1023,7,1504,2,1346,437,1504,2005,16,3182,5,12.160028707028767
1025,5,882,2,882,461,882,1972,138,7700,5,11.630708500626612
1026,5,1264,2,1268,461,1264,1960,697,9300,5,12.028738630247258
1027,8,1646,3,1638,800,1646,2007,1513,9520,5,12.588190652108505
1028,5,1376,1,768,240,968,1941,368,9492,5,11.56171562913966
1029,6,1218,1,672,264,672,1972,317,1680,7,11.678439903447801
1030,5,1928,0,686,0,948,1916,0,7082,8,11.982929094215963
1031,7,3082,2,824,672,1687,1920,523,15863,3,12.190959007720126
1032,8,2520,3,1338,796,1352,1993,1012,14541,7,12.644327576461329
1033,7,1654,3,1654,900,1654,2002,986,8125,5,12.345834587905333
1034,5,954,1,920,240,954,1938,0,6305,7,11.693161515273161
1036,9,1620,3,1620,912,1620,2007,1022,12898,5,12.661913960963405
1037,8,2263,2,1055,905,1055,2001,0,9240,5,12.567237494741757
1038,4,1344,0,546,0,798,1970,0,1533,6,11.48246625748552
1039,4,630,1,630,286,630,1970,509,1477,4,11.289781913656018
1040,5,1803,2,1134,484,1803,1957,168,13125,4,11.951180395901384
1041,6,1632,2,800,484,800,1966,400,9130,8,12.061046873479915
1042,6,1306,2,1306,624,1306,2005,900,5381,5,12.185869938212655
1043,7,2329,2,1475,514,1532,1990,1085,11839,5,12.477167914377556
1047,5,990,2,990,672,990,1994,686,9245,5,11.884489021402711
1050,7,1302,2,1302,436,1302,2007,0,8993,5,12.080991165908294
1051,7,1316,2,1316,440,1316,2007,0,11175,5,12.206777397134413
1052,6,1977,2,816,540,1127,1964,442,9500,6,12.013700752882718
1053,5,1526,1,1216,364,1526,1957,383,8562,6,11.881034786534624
1054,8,1989,2,1065,586,1091,2002,932,11367,5,12.449018824140563
1055,6,1523,2,1193,478,1523,1976,644,11361,5,12.100712129872347
1056,7,1364,2,1364,484,1364,2005,659,7052,5,12.132695175725399
1057,7,1850,2,973,467,979,1994,595,29959,6,12.421184025147118
1058,9,2184,3,1104,836,1130,2008,936,11308,5,12.721885810807203
1059,6,1991,2,854,432,1096,1932,297,11275,7,12.301382825334498
1060,8,1338,2,1338,582,1338,2001,616,4920,5,12.271392111650817
1061,3,894,3,894,1248,894,1935,0,18000,4,11.302204433654575
1062,5,2337,2,662,560,1422,1900,0,13600,5,11.407564949312402
1063,6,1103,2,1103,440,1103,1925,397,6000,6,11.612770799939945
1064,5,1154,2,1154,480,1154,1966,740,11000,6,11.944707881395766
1065,7,2260,2,1306,533,1306,1996,1201,14000,5,12.70076888736628
1066,6,1571,2,799,380,799,1993,0,7837,7,12.089538829274222
1067,6,1611,2,780,442,798,1964,674,9760,6,12.031123843065632
1068,6,2521,2,942,576,1291,1973,837,3964,4,11.927680619985486
1069,5,893,2,845,576,893,1949,220,9600,7,11.813030057420567
1070,5,1048,1,1048,286,1048,1956,586,10152,5,11.813030057420567
1071,6,1556,2,727,441,829,1968,298,11700,6,11.944707881395766
1072,5,1456,1,810,280,1002,1948,0,7585,3,11.424094251263613
1073,6,1426,2,690,440,698,1977,535,7950,6,11.979799201207037
1074,7,1240,3,1240,826,1240,2006,0,8556,5,12.175613438045465
1075,7,1740,1,800,240,960,1940,410,13125,6,12.299107511497363
1076,5,1466,2,796,566,1096,1936,626,10800,8,12.043553716032399
1077,5,1096,1,1096,299,1096,1969,75,15870,5,11.840789327054841
1078,6,848,2,848,420,848,2004,662,4435,5,11.956970055045868
1079,5,990,1,990,299,990,1994,495,8775,5,11.744037185933616
1080,6,1258,2,1258,528,1258,1971,656,11040,7,11.884489021402711
1081,5,1040,1,1040,308,1040,1963,824,7500,5,11.79810440720389
1082,7,1459,2,1459,527,1459,2002,0,8749,5,12.165250651009918
1083,6,1251,1,1251,461,1251,1964,553,8800,6,11.982929094215963
1084,6,1498,2,691,409,691,1995,592,13031,5,12.141534124392603
1085,6,996,2,936,564,996,1992,747,9069,6,11.898187865760873
1086,4,1092,1,546,286,546,1973,334,1974,5,11.332601910838946
1087,8,1953,3,1082,1043,1082,2005,0,10574,5,12.437184366493561
1088,7,1709,2,970,380,970,2004,0,2522,5,11.831379196088763
1089,8,1247,2,1247,550,1247,2005,1039,3316,5,12.190959007720126
1091,7,1252,2,600,462,624,1999,510,2160,5,11.982929094215963
1092,6,1694,2,1181,576,1390,1925,423,8400,5,11.824079893607152
1093,5,1200,2,864,884,1200,1965,661,9230,8,11.891361900690473
1094,5,936,1,936,308,936,1956,248,5868,7,11.76756768334381
1095,6,1314,2,1314,440,1314,2006,24,9317,5,12.08069081199846
1096,6,1355,0,684,0,773,1914,0,6882,7,11.751942365440728
1097,8,1088,2,1074,461,1088,1986,0,3696,5,12.043553716032399
1098,4,1324,1,672,240,757,1936,672,6000,6,11.759785542901755
1099,7,1601,2,1271,478,1601,1978,704,11880,5,11.964001084330445
1100,2,438,1,290,246,438,1920,290,8400,5,11.002099841204238
1101,5,950,1,950,280,950,1971,412,9758,5,11.691071650353702
1102,5,1134,1,1010,254,1134,1960,588,7000,7,11.813030057420567
1103,6,1194,2,655,539,1194,1959,655,8910,6,11.979799201207037
1104,5,1302,2,630,440,630,1970,0,2016,5,11.571194373094205
1105,8,2622,2,1463,712,1500,1994,1032,12256,5,12.691580461311874
1106,7,1442,2,910,719,1442,1990,738,10357,5,12.100156419938624
1107,7,2021,2,868,422,887,2006,0,23257,5,12.523525876315125
1108,6,1690,2,924,463,948,2000,0,8063,5,12.106252310247962
1109,8,1836,3,1836,862,1836,2004,1039,11362,5,12.542544882151386
1110,6,1658,2,773,431,773,1995,219,8000,5,12.144197241812087
1111,7,1964,2,803,483,1098,1976,403,10480,6,12.230765258120545
1112,5,816,1,816,308,816,1957,708,7100,7,11.77452020265869
1113,5,1008,1,1008,240,1008,1953,643,8923,7,11.809319478024031
1114,5,833,1,833,326,833,1954,415,5400,7,11.669929213779893
1115,8,1734,3,1734,928,1734,2007,1004,12085,5,12.669806661762314
1116,8,1419,2,408,527,779,2002,353,7750,5,12.123234367221169
1117,5,894,2,894,450,894,1967,702,9764,7,11.77528972943772
1118,5,1601,1,533,300,1021,1958,0,13825,6,11.84939770159144
1119,5,1040,1,1040,286,1040,1959,369,7560,5,11.803353763090035
1120,6,1012,1,1012,308,1012,1920,0,8263,5,11.681824001432043
1121,7,1552,3,1552,782,1552,2005,24,10084,5,12.26857785088157
1122,4,960,1,672,288,960,1956,0,8926,3,11.626254150277232
1123,5,698,0,698,0,698,1947,0,9405,9,11.678439903447801
1124,7,1482,2,384,392,812,1992,0,9125,5,12.00701176473192
1125,4,1005,2,1005,672,1005,1955,0,10434,5,11.652687407345388
1126,7,1555,3,1373,660,1555,2007,0,3684,5,12.066810578196666
1127,7,1530,3,1530,630,1530,2004,1300,14572,5,12.464583340681674
1128,7,1959,2,847,434,847,2004,0,11796,5,12.2783933071098
1129,5,936,2,936,672,936,1980,936,7200,5,11.84939770159144
1130,4,1981,2,1122,576,1328,1928,622,7804,3,11.813030057420567
1131,5,974,0,974,0,974,1991,212,10712,5,11.44571671527678
1132,6,2210,1,1008,205,1178,1880,0,9900,4,11.67419361256635
1133,8,2020,2,1128,466,1142,1995,584,9828,5,12.386308695833106
1134,6,1600,2,916,460,916,1997,0,8773,5,12.037653993905211
1135,6,986,1,960,180,986,1926,0,6180,5,11.532728092266408
1136,6,1252,1,1032,288,1032,1950,280,9600,5,11.686878772093667
1137,5,1020,0,780,0,780,1875,0,6342,8,11.451050061252142
1138,6,1567,2,1567,714,1567,1977,1567,9819,5,12.185869938212655
1139,5,1167,2,915,495,1167,1920,645,8731,5,11.877568578558138
1140,5,952,2,952,840,952,1951,852,7350,7,11.842229212112828
1141,5,1868,2,780,484,1088,1976,381,10304,7,12.193493863323313
1142,8,2828,3,1466,1052,1466,2006,1150,9965,5,12.959538518762063
1143,5,1006,0,1006,0,1006,1959,288,9000,3,11.289781913656018
1144,4,924,1,672,280,672,1941,348,12180,4,11.289781913656018
1145,5,1576,1,1042,225,1042,1928,0,6240,6,11.911701584927597
1146,6,1298,2,1298,403,1298,1985,1258,11200,5,12.100712129872347
1147,7,1564,1,704,234,860,1941,275,12000,7,12.069680020624618
1148,7,1111,1,572,288,572,1926,0,5700,7,11.66907414746016
1149,7,1482,2,650,324,832,1920,624,9000,9,11.870599909242044
1150,6,932,1,932,306,932,1950,0,8280,5,11.728036844587175
1151,5,1466,2,1466,528,1466,1959,176,17755,4,11.917723684090689
1152,6,1811,2,1073,470,1811,1956,296,14115,7,12.345834587905333
1153,6,816,1,816,432,816,1930,538,5890,8,11.699405031912846
1154,7,1820,2,864,492,902,1965,454,13700,6,12.215032386901646
1155,5,1437,2,1437,528,1437,1976,1157,10768,8,12.292250341771226
1156,5,1265,2,1219,502,1265,1965,633,9350,8,12.100156419938624
1157,7,1314,2,1314,626,1314,2007,904,5001,5,12.345834587905333
1158,8,1580,3,1580,830,1580,2007,0,11932,5,12.367885325692589
1159,6,1876,2,901,540,943,1974,442,9120,6,12.128111104060462
1160,6,1456,2,855,440,855,1978,311,2280,5,11.891361900690473
1161,6,1640,2,1296,924,1640,1954,728,14778,7,12.319401330837177
1162,5,894,2,894,450,894,1968,492,8724,5,11.76756768334381
1163,4,1258,2,1198,400,1258,1969,1198,12900,4,11.598726943661342
1164,5,1432,2,1360,588,1432,1978,680,16157,7,12.175613438045465
1165,7,1502,2,1502,644,1502,2009,0,9541,5,12.359523080243038
1167,6,1671,2,959,472,959,2000,786,10852,5,12.061046873479915
1168,6,2108,2,1127,540,1236,1935,626,13728,7,12.367340793126296
1169,10,3627,3,1930,807,1831,1995,1387,35760,5,13.345506928718539
1170,6,1118,1,1096,358,1118,1977,522,9880,6,12.049418835484797
1171,6,1261,2,1261,433,1261,1958,662,9120,6,12.0015054797889
1172,7,1250,2,625,625,625,2006,0,4017,5,12.05466819137094
1173,5,3086,0,1598,0,1636,1946,152,18030,6,12.20856952572876
1174,6,2345,2,952,360,1170,1932,503,16560,8,12.384218830913648
1176,5,923,1,876,264,923,1984,658,6951,5,11.691071650353702
1177,6,1224,1,818,210,818,1926,468,3950,8,11.652687407345388
1178,5,1343,1,731,186,820,1921,0,7681,6,11.95053502640496
1180,7,2514,2,1216,693,1298,1990,1216,11170,5,12.429216196844383
1181,8,1652,2,1600,482,1652,2008,1480,5587,5,12.8802918162046
1183,5,1130,2,1120,720,1130,1920,821,10800,6,11.695247021764184
1184,5,1572,3,1572,995,1572,1963,1159,35133,4,12.137258329529814
1185,5,1221,1,784,392,949,1924,392,9738,7,11.560762794384388
1186,3,1699,2,978,420,1014,1900,440,10615,5,11.461632170582678
1187,8,1624,3,1624,757,1624,1994,1456,12461,5,12.476099782743233
1188,7,1660,2,831,493,831,2002,0,8935,5,12.180754837545884
1189,7,1804,2,994,442,1028,1999,0,7500,5,12.14950229404178
1190,4,1622,4,1249,1356,1622,1961,1159,32463,4,12.031719258385396
1191,8,1441,2,776,492,764,1999,0,2645,5,12.066810578196666
1192,5,1472,1,702,250,842,1925,0,9600,8,11.736069016284437
1193,6,1224,2,1224,402,1224,1999,883,4500,5,12.013700752882718
1194,6,1352,1,663,299,663,1969,371,9364,7,11.970350312009105
1195,6,1456,2,728,400,728,2005,0,8029,5,12.078239274020289
1196,7,1863,3,879,660,879,2006,0,14054,5,12.297785453453374
1197,7,1690,1,815,225,815,1916,0,8850,6,11.877568578558138
1198,7,1212,2,1212,573,1212,2001,0,9100,5,12.089538829274222
1199,4,1382,2,1051,459,1382,1963,547,11235,5,11.904967552746252
1200,4,864,1,864,280,864,1970,0,9353,5,11.661776411702583
1201,7,1779,2,866,546,866,1998,0,10400,5,12.195517131590657
1202,5,1348,1,884,216,884,1925,0,6000,8,11.669929213779893
1203,7,1630,2,1630,451,1630,2000,0,9750,5,12.269047444691562
1204,5,1074,2,1056,495,1074,1975,788,10140,6,11.941455846009388
1206,4,1056,1,1056,384,1056,1966,1056,8900,4,11.580584113444043
1207,6,1700,2,1682,544,1700,2003,340,9135,5,12.206072645530174
1208,5,1283,2,931,506,1283,1962,504,7763,7,11.84939770159144
1209,8,1660,2,1660,500,1660,2006,1220,10182,5,12.577636201962656
1210,6,1845,2,1055,462,1055,1992,0,11218,5,12.14950229404178
1211,8,1752,2,559,492,1080,1988,427,12134,7,12.007621706806335
1212,4,672,1,672,234,672,1941,344,9340,6,11.635143097694478
1213,4,960,1,648,364,960,1965,648,10246,9,11.884489021402711
1214,5,999,1,925,300,999,1962,784,10205,5,11.809319478024031
1215,5,894,1,894,384,894,1966,180,7094,5,11.736069016284437
1217,8,1314,2,1300,552,1314,2009,936,8640,5,12.343466568968994
1219,6,1218,0,672,0,672,1971,0,1680,5,11.424094251263613
1220,5,912,1,912,288,912,1964,312,7800,5,11.652687407345388
1221,5,1211,1,952,322,1211,1968,250,8250,5,11.805595078933049
1222,6,1846,1,1040,315,1168,1949,196,10496,6,11.870599909242044
1224,7,1490,2,788,388,788,2004,724,15384,5,12.122691036591123
1225,6,1138,1,588,264,1138,1958,507,10482,8,11.884489021402711
1226,6,1933,3,894,668,894,2007,0,14598,5,12.273731294003989
1227,5,912,2,912,576,912,1965,595,8872,8,11.898187865760873
1228,9,1702,3,1702,1052,1702,2008,1540,8769,5,12.813917896253697
1229,5,1507,1,1075,404,1507,1960,666,7910,5,11.751942365440728
1230,5,2620,2,1361,600,1361,1977,498,18890,5,12.154779351142624
1231,5,1190,2,1106,540,1190,1962,803,7728,6,11.794337924408413
1233,5,1188,2,1188,531,1188,1959,1000,12160,5,11.863582336583399
1234,5,1964,0,940,0,1024,1911,0,8525,6,11.77528972943772
1235,5,1784,1,747,180,892,1914,0,13132,5,11.841415931849784
1236,7,1626,2,764,474,764,2003,0,2628,5,12.075394321888057
1237,7,1948,2,847,434,847,2004,0,12393,5,12.180754837545884
1238,6,1141,2,1141,484,1141,2005,0,13072,5,11.867097278690842
1239,8,1484,2,1476,472,1484,2006,428,9037,5,12.490875577231112
1240,7,1768,2,884,543,884,2003,550,8158,5,12.323411137947407
1242,7,1173,2,1053,528,1173,1974,885,10625,6,12.043553716032399
1244,8,1517,2,792,400,792,1929,0,11435,7,12.345834587905333
1245,6,1868,2,585,477,1140,1984,0,12090,7,12.089538829274222
1246,7,1553,2,756,615,756,2005,0,8125,5,12.136186518066006
1247,6,1034,3,1012,888,1034,1976,539,12328,5,12.042965307660024
1248,6,2058,2,735,396,1134,1917,319,9600,5,11.771436160121729
1249,5,988,1,876,276,988,1950,534,7200,7,11.686878772093667
1251,7,1405,2,1405,478,1405,2003,0,3136,5,12.053795210084596
1252,5,874,1,864,288,874,1968,510,9858,6,11.77528972943772
1253,7,2167,2,1192,518,1516,1974,125,17542,7,12.591335046320818
1254,7,1656,2,746,397,760,2003,0,6931,5,12.016122061571728
1255,6,1367,1,884,560,959,1931,425,6240,6,11.755871643580617
1257,5,864,0,864,0,864,1922,0,4060,8,11.511924964636645
1258,7,1166,2,856,400,1166,2005,655,9587,5,12.154779351142624
1259,6,1054,2,1054,460,1054,1969,602,9750,8,11.925035115797062
1260,6,1675,2,841,502,892,1999,0,24682,5,12.106252310247962
1261,5,1050,1,1050,338,1050,1956,504,9600,6,11.766792188927278
1262,4,1788,1,1104,304,1104,1957,0,11250,5,11.992260421644849
1263,6,1824,2,764,520,1060,1919,0,13515,6,12.103486056755072
1264,6,1337,2,1405,511,1337,1998,266,4060,5,12.106252310247962
1265,7,1452,2,691,506,713,1999,450,3735,5,12.122147410592412
1266,7,1889,1,925,308,964,1910,0,10120,4,11.711776323715394
1268,8,3447,3,728,1014,1968,1935,192,14100,9,12.850554654108839
1269,5,1524,1,874,315,874,1958,460,11344,5,11.877568578558138
1270,7,1524,2,1332,586,1332,1979,1258,23595,6,12.468436909997665
1271,6,1489,2,1489,462,1489,1968,0,9156,7,12.132156962580005
1272,5,935,1,935,288,935,1965,560,13526,6,11.827736204810263
1273,6,1357,1,1019,312,1357,1959,719,11512,7,12.083905011555967
1274,5,1250,2,661,552,661,1910,0,5362,6,11.842229212112828
1275,5,1920,2,928,400,928,1948,220,11345,5,11.827736204810263
1276,6,1395,2,723,497,735,1972,593,12936,6,11.99535161421452
1277,6,1724,2,1680,480,1724,1967,528,17871,5,12.195517131590657
1278,8,2031,2,1128,577,1128,2002,804,9473,5,12.375815420117268
1279,4,1128,2,698,528,698,1920,0,7500,4,11.133128103610641
1280,7,1573,2,1573,544,1573,2002,788,9808,5,12.332705296463539
1281,7,1339,2,1309,484,1339,1990,1053,8049,5,12.100712129872347
1282,5,1040,2,1040,484,1040,1977,532,8800,7,11.921718363171067
1283,6,1824,0,912,0,912,1971,0,9400,5,11.842229212112828
1284,6,2447,1,804,336,1699,1919,0,9638,7,12.037653993905211
1285,6,1412,1,780,280,825,1939,0,6000,6,11.794337924408413
1286,6,1328,2,1328,528,1328,1963,569,9790,5,11.870599909242044
1287,5,1582,2,1624,390,1582,1964,812,36500,5,12.154779351142624
1288,8,1659,2,1501,499,1659,2000,1158,5664,5,12.535376392672774
1289,8,1970,3,1085,753,1120,2006,0,11065,5,12.546109948315882
1290,5,1152,2,1152,484,1152,1964,1014,14112,7,12.103486056755072
1291,5,1302,1,630,264,630,1972,231,1680,7,11.691071650353702
1292,5,2372,1,994,432,1378,1892,0,6600,4,11.585246126549855
1293,7,1664,2,832,528,832,1976,194,10140,5,12.000891794590137
1294,5,864,2,864,572,864,1955,167,8172,7,11.652687407345388
1295,5,1052,1,1052,288,1052,1968,1016,8400,5,11.83862560460953
1296,5,1128,2,1120,525,1128,1963,776,8700,6,11.951180395901384
1297,6,1072,2,547,525,1072,2005,547,3675,5,11.84939770159144
1299,5,1246,1,1246,305,1246,1959,340,7500,7,11.944707881395766
1300,7,1983,2,978,490,1005,1999,694,10762,5,12.323855681186558
1301,6,1494,1,771,213,753,1942,547,7500,7,12.086725887897607
1302,8,2526,3,1165,844,1203,1994,740,10120,5,12.577636201962656
1303,7,1616,3,1616,834,1616,2005,0,8688,5,12.354492650648448
1304,7,1708,2,976,380,976,2004,0,3363,5,11.77528972943772
1305,9,1652,2,1652,840,1652,2006,1572,13173,5,12.691580461311874
1306,7,1368,2,1368,474,1368,2005,0,6955,5,12.218495165528731
1307,5,990,2,990,480,990,1994,746,8072,5,11.835008964139341
1308,5,1122,2,924,528,1122,1948,144,12000,7,11.898187865760873
1309,6,1294,2,1278,496,1294,1991,1200,7153,5,12.096257779522967
1310,7,1902,2,1902,567,1902,1959,1406,17500,8,12.721885810807203
1311,7,1274,2,1274,508,1274,2005,925,8814,5,12.220961258023925
1312,8,2810,2,1453,750,1453,1990,482,9572,5,12.618182296357007
1313,9,2599,3,1393,779,1422,1999,0,14774,5,12.716402146247475
1314,4,948,1,948,280,948,1954,732,8190,6,11.686878772093667
1315,6,2112,2,952,576,1092,1969,500,11075,5,12.239990863733635
1316,8,1630,3,1622,860,1630,2008,0,10226,5,12.596400426884427
1317,7,1352,2,1352,466,1352,2006,0,4230,5,12.249610947544657
1319,4,948,1,864,248,948,1954,492,10215,5,11.617285480294472
1320,6,1478,2,1478,442,1478,1957,189,8400,3,11.960811288962345
1322,7,1923,2,750,564,1061,1992,674,10186,5,12.154779351142624
1323,4,708,0,420,0,708,1940,280,5330,7,11.320553572322773
1325,4,796,0,796,0,796,1922,0,3636,4,10.915088464214607
1326,3,774,0,544,0,774,1931,544,4270,6,11.27720313144916
1327,5,816,1,816,264,816,1982,641,6600,9,11.779128505744886
1328,6,2792,2,1510,520,1584,1920,493,10440,7,12.4529327234617
1329,7,1632,2,935,462,955,1998,0,9084,5,12.081076155355488
1330,8,1588,3,1588,825,1588,2006,0,10000,5,12.332705296463539
1331,5,954,2,911,576,954,1976,483,10780,5,11.794337924408413
1332,4,816,1,816,288,816,1938,690,8877,6,11.512925464970229
1333,5,1360,1,803,297,803,1938,0,7200,6,11.740061037553975
1334,5,1365,2,765,440,765,1970,765,2368,6,11.736069016284437
1335,6,1334,2,1350,630,1334,1977,686,9650,5,12.031123843065632
1336,5,1656,2,1656,506,1656,1973,0,9246,5,11.813030057420567
1337,4,693,0,693,0,693,1941,0,4118,4,10.868568448579715
1338,7,1861,2,916,492,920,2002,700,13450,5,12.206072645530174
1339,5,864,1,864,288,864,1972,360,9560,7,11.763684183317412
1340,4,872,4,858,480,872,1971,0,8294,5,11.719939634354555
1341,6,1114,2,1114,576,1114,2003,814,13695,5,11.951180395901384
1342,8,2169,2,1284,647,1284,2002,0,9375,5,12.339291489316397
1343,6,1913,2,896,342,1172,1928,0,7558,6,12.083905011555967
1344,7,1456,2,728,440,728,2006,0,11103,5,11.956553034172742
1345,4,960,1,960,308,960,1920,250,6000,4,11.594505451962652
1347,8,1776,3,1732,712,1776,2006,80,15306,5,12.554836882168736
1348,7,1494,2,1482,514,1494,1998,1443,16196,5,12.2783933071098
1349,8,2358,0,684,0,938,1872,259,5250,5,11.711776323715394
1350,5,2634,4,1248,968,1338,1969,500,11643,5,12.206072645530174
1351,6,1716,2,858,490,858,1962,319,9247,6,12.049418835484797
1352,6,1176,2,698,624,786,1937,0,6000,9,11.812289042195847
1354,7,1865,3,992,839,992,2000,735,10316,5,12.367340793126296
1355,7,1920,2,570,487,1222,1968,0,10192,6,12.043553716032399
1356,5,892,1,864,264,892,1966,340,9477,5,11.608235644774552
1357,5,1078,2,1078,500,1078,1971,734,12537,6,11.917723684090689
1358,6,1573,2,756,440,769,2000,378,2117,5,12.086725887897607
1360,5,2601,2,612,621,990,1921,0,9842,6,12.14950229404178
1361,7,1530,2,1530,430,1530,2005,1274,16158,5,12.468436909997665
1362,4,1738,1,715,368,1281,1920,0,12513,4,11.560762794384388
1363,6,1412,2,616,432,616,2006,0,8499,5,11.963567869487337
1364,7,1200,2,600,480,520,2005,0,3180,5,11.87862357740665
1365,7,1674,2,814,663,814,2000,533,7500,5,12.283033686666302
1366,7,1790,2,873,588,882,1999,633,9179,5,12.170445467887022
1367,5,1475,1,757,336,925,1977,548,2665,6,11.751942365440728
1368,6,848,2,848,420,848,2003,685,4435,5,11.877568578558138
1369,8,1668,2,1657,502,1668,2003,370,10635,5,12.354492650648448
1370,4,1374,1,840,338,840,1920,315,5400,6,11.56171562913966
1371,6,1661,1,992,377,1661,1955,831,9600,6,12.016726473799254
1372,7,2097,2,1108,583,1108,1998,975,9750,6,12.521977676925694
1374,7,1958,3,1026,936,1026,2005,0,10625,5,12.429216196844383
1375,8,1571,3,1571,722,1571,2007,0,10991,5,12.384218830913648
1376,6,790,1,768,160,790,1930,384,6292,5,11.418614785498987
1377,5,1604,2,984,660,984,1941,408,10998,5,11.669929213779893
1378,6,987,1,483,264,483,1973,309,1953,5,11.326595886778735
1379,5,1394,2,384,400,754,2006,0,9735,5,12.028738630247258
1380,3,864,1,864,200,864,1914,203,8212,3,10.976782033219948
1382,7,1762,2,596,576,998,1920,0,7200,7,11.964001084330445
1383,5,1416,2,816,576,1416,1918,0,25339,7,11.626254150277232
1384,6,1258,1,560,280,698,1939,204,9060,5,11.56171562913966
1385,4,1154,1,796,240,796,1922,735,5436,8,11.740061037553975
1386,7,2784,2,1392,564,1392,1978,790,16692,5,12.429216196844383
1387,6,2526,1,714,216,1664,1916,168,8520,7,11.820410164718188
1388,9,1746,3,1746,758,1746,2006,1320,14892,5,12.841325847671216
1389,6,1218,2,735,440,869,1941,375,6000,6,11.782952602183288
1390,7,1525,2,1525,541,1525,2000,1400,9100,5,12.367340793126296
1391,5,1584,3,1584,792,1584,1967,0,8944,5,11.728036844587175
1392,5,900,1,864,288,900,1967,769,7838,5,11.719939634354555
1393,6,1912,2,482,672,1221,1905,0,10800,7,12.0015054797889
1394,7,1500,3,1356,648,1500,2006,1070,4045,5,12.415433652431746
1395,8,2482,3,1094,642,1133,2005,0,12665,5,12.54686766829102
1396,5,1687,2,747,572,1687,1948,353,57200,5,11.982929094215963
1397,5,1513,1,939,180,939,1920,0,6120,8,11.831379196088763
1398,5,1904,1,1208,240,1136,1950,180,7200,4,11.835008964139341
1399,6,1608,1,976,216,1160,1925,264,6171,6,11.83101549359339
1400,6,1158,1,862,208,950,1929,0,6000,7,11.695247021764184
1401,6,1593,2,839,398,864,2004,759,7415,5,12.170445467887022
1402,7,1294,2,1286,662,1294,2006,0,6762,5,12.174989532116426
1403,8,1464,3,1485,754,1464,2007,929,15256,5,12.552926520261092
1404,3,1214,3,672,936,694,1915,0,10410,4,11.56171562913966
1405,8,1646,2,1594,482,1646,2004,1373,3842,5,12.524526376648708
1406,5,768,2,768,396,768,1972,656,8445,7,11.79810440720389
1407,5,833,0,833,0,833,1985,625,8780,5,11.626254150277232
1408,4,1363,2,622,528,741,1910,0,7740,7,11.740061037553975
1409,7,2093,2,791,542,1236,1986,0,20544,6,12.2783933071098
1410,7,1840,2,944,622,944,2001,666,12420,5,12.345834587905333
1411,6,1668,1,856,271,1112,1950,120,9600,8,11.84939770159144
1413,8,1844,2,1844,620,1844,2005,976,10994,5,12.456831363877356
1414,6,1848,2,833,370,1053,1923,0,13053,7,12.240474072247506
1415,7,1569,3,1386,660,1569,2007,988,3635,5,12.077670930725649
1416,4,2290,2,777,560,1246,1885,0,11340,6,11.715866308966918
1417,8,2450,3,1284,1069,1310,1998,781,16545,5,12.736700896592344
1418,5,1144,1,1144,336,1144,1963,25,9204,5,11.728036844587175
1419,6,1844,2,1844,540,1844,1969,1110,16381,5,12.314927050442256
1420,6,1416,2,708,776,708,1968,404,11700,6,12.100156419938624
1421,6,1069,2,1069,440,1069,1977,360,4043,5,11.755871643580617
1422,6,848,2,848,420,848,2003,686,4435,5,11.824079893607152
1423,6,2201,2,697,432,1575,1966,0,19690,7,12.524417279788771
1424,5,1344,1,1024,484,1344,1958,457,9503,5,11.877568578558138
1425,6,1252,2,1252,528,1252,1959,0,10721,6,11.863582336583399
1426,7,2127,2,1223,525,1223,1994,1000,10944,5,12.509874099861838
1427,5,1558,1,913,288,1048,1945,580,10930,6,11.84939770159144
1428,5,804,1,788,240,804,1940,510,7200,7,11.686878772093667
1429,6,1440,2,1440,467,1440,1981,678,12546,7,12.116694834378958
1430,5,1838,2,732,372,734,2005,0,21930,5,12.16597955196373
1431,6,958,2,958,440,958,1976,958,4928,6,11.875830958659597
1432,4,968,1,656,216,968,1927,0,10800,6,11.074420502783864
1433,6,1792,2,936,451,962,2000,0,10261,5,12.136186518066006
1434,5,1126,2,1126,484,1126,1977,936,17400,5,11.982929094215963
1435,6,1537,2,1319,462,1537,1962,0,8400,9,12.066810578196666
1436,4,864,2,864,528,864,1971,616,9000,6,11.699405031912846
1437,8,1932,3,1932,774,1932,2008,1336,12444,5,12.885670953244288
1438,6,1236,2,912,923,1236,1957,600,7407,7,11.91638857040772
1439,7,1725,2,539,550,1040,1979,315,11584,6,12.190959007720126
1440,6,2555,2,588,672,1423,1922,0,11526,7,12.160028707028767
1441,6,848,2,848,420,848,2004,697,4426,5,11.913712983527281
1442,10,2007,3,1017,812,1026,2008,765,11003,5,12.644327576461329
1443,6,952,1,952,192,952,1916,0,8854,6,11.703545824578878
1444,7,1422,2,1422,626,1422,2004,0,8500,5,12.098487434850236
1445,6,913,1,814,240,913,1966,187,8400,5,11.76756768334381
1446,5,1188,1,1188,312,1188,1962,593,26142,7,11.969717200243734
1447,8,2090,2,1220,556,1220,1995,1079,10000,5,12.388394202324129
1448,4,1346,1,560,384,796,1910,0,11767,7,11.626254150277232
1449,5,630,0,630,0,630,1970,553,1533,7,11.429543856031177
1450,5,1792,0,896,0,896,1974,0,9000,5,11.820410164718188
1451,8,1578,3,1573,840,1578,2008,0,9262,5,12.567551034433226
1452,5,1072,2,547,525,1072,2005,547,3675,5,11.884489021402711
1453,5,1140,0,1140,0,1140,2006,0,17217,5,11.344506813345266
1454,7,1221,2,1221,400,1221,2004,410,7500,5,12.128111104060462
1455,6,1647,2,953,460,953,1999,0,7917,5,12.072541252905651
1457,7,2340,1,1152,252,1188,1941,275,9042,9,12.493129522588037
1458,5,1078,1,1078,240,1078,1950,49,9717,6,11.864462231052837
1459,5,1256,1,1256,276,1256,1965,830,9937,6,11.901583454762012
